url_length,num_special_chars,num_dots,has_ip_address,has_at_symbol,domain_age_days,is_https,has_subdomain,num_urgency_words,num_spelling_errors,has_money_terms,num_links,sender_reputation_score,has_spf_record,has_dkim,has_attachment,attachment_suspicious,email_length,Label
25,4,1,0,0,1105,1,0,0,0,0,1,0.9243312453449084,1,1,1,0,923,0
73,7,3,0,0,2904,1,1,1,1,0,0,0.6348134260366217,1,1,0,0,1145,0
50,4,2,0,0,790,1,1,2,1,1,1,0.8798235837806532,1,1,0,0,1172,0
25,10,3,0,1,2971,1,0,1,0,1,0,0.9420354655624145,1,1,0,0,567,0
113,18,9,1,1,39,0,1,5,4,1,10,0.10740196690113413,0,1,0,0,237,1
78,3,3,0,0,1139,1,0,2,1,0,4,0.8259273255840789,1,0,1,0,916,0
61,7,1,0,0,764,1,1,2,0,1,3,0.9293389907784562,1,1,1,0,896,0
29,11,1,1,0,4392,1,0,2,0,0,1,0.6918809261448537,1,1,0,0,609,0
54,6,2,0,0,3035,1,0,0,1,0,2,0.8383766382922817,1,1,0,0,1379,0
88,34,10,1,1,171,1,1,11,6,1,8,0.33129970097488737,0,0,1,1,289,1
45,10,1,0,0,4821,1,1,2,1,1,3,0.7309039780678129,1,1,0,0,304,0
86,43,5,1,1,178,0,0,4,7,1,6,0.1704725208943892,0,0,1,1,229,1
58,10,3,0,0,4489,1,1,1,1,1,0,0.7589951969690512,1,1,0,0,1237,0
64,4,2,0,0,427,0,1,0,0,0,2,0.8068058895546864,1,1,1,0,1442,0
65,9,2,0,0,4562,1,0,0,1,0,2,0.7075617218245925,0,1,0,0,1188,0
52,6,1,0,0,3928,1,0,0,1,1,0,0.9580131006420678,1,1,0,0,589,0
135,41,13,1,0,67,0,0,5,3,1,10,0.126145497306447,0,0,0,0,466,1
38,8,1,0,0,1823,1,0,2,0,1,4,0.8403369703463657,1,1,0,0,1195,0
61,11,2,0,0,4039,1,1,2,0,0,4,0.7309252755318751,1,1,1,0,309,0
117,26,11,0,0,121,0,1,5,2,1,6,0.06983594049887457,1,1,1,1,118,1
38,7,3,0,0,3090,1,0,2,1,1,1,0.8019499260381229,1,1,0,0,331,0
101,23,5,0,0,105,1,1,5,4,1,10,0.2543818828654914,0,0,0,1,663,1
90,21,6,1,0,103,0,1,7,4,1,13,0.2944141601704262,0,0,0,1,375,1
29,5,2,0,0,401,1,1,2,0,0,1,0.6831082517758913,0,1,0,0,1228,0
136,31,6,1,1,78,0,1,5,4,0,10,0.027485471089584393,0,0,1,1,718,1
96,20,7,0,0,37,1,1,6,7,1,13,0.1359080969195375,0,0,1,1,799,1
181,24,11,1,0,96,0,1,3,4,1,9,0.02776953709843735,0,0,1,0,248,1
77,7,1,0,0,821,1,0,0,1,1,0,0.7508145432737011,1,1,1,1,1062,0
49,7,2,0,0,3664,1,1,1,1,0,0,0.8045298174644506,1,1,0,0,410,0
49,11,3,0,0,2235,1,0,0,1,0,4,0.745800385819517,1,1,0,0,1031,0
155,43,5,1,1,3,0,1,6,7,1,12,0.00295676057771721,0,0,1,1,582,1
224,21,13,1,1,114,1,1,9,4,0,10,0.15180116134988744,0,0,0,1,606,1
20,2,1,0,0,1251,1,0,2,1,0,4,0.9944111712785719,1,1,0,0,1218,0
204,38,13,1,1,113,0,1,9,3,1,13,0.29966312927061267,0,0,1,0,467,1
185,26,14,1,0,161,1,0,8,7,1,5,0.1898134250489763,1,0,1,1,583,1
120,24,6,1,0,112,1,0,6,2,1,7,0.030858067415832746,1,0,1,0,260,1
61,10,2,0,0,2569,1,0,4,1,0,4,0.6784722427751915,1,1,0,0,605,0
47,2,1,0,0,1275,1,0,2,0,0,0,0.6455781077778174,1,1,1,0,968,0
62,4,1,0,0,3856,1,0,0,0,0,3,0.9024066329860728,1,1,0,0,1076,0
101,25,8,0,1,97,1,0,1,6,1,11,0.5538466357148633,0,0,1,0,441,1
211,25,14,1,1,84,0,0,9,6,0,6,0.3354435550135849,1,0,0,1,355,1
94,18,9,1,0,77,0,1,6,7,1,14,0.2156645106701018,0,0,1,0,743,1
124,32,5,1,1,131,1,1,10,4,0,13,0.186014533688364,0,1,1,1,253,1
34,3,1,0,0,4010,1,1,2,0,0,2,0.6935393476341911,0,0,1,0,1149,0
159,40,11,1,1,93,0,1,7,6,1,5,0.021893082769994354,0,0,0,0,711,1
190,17,7,1,0,34,0,1,5,4,1,9,0.0776651476184329,0,0,0,1,115,1
69,3,3,0,0,3104,1,1,0,0,1,0,0.6838955975754264,1,1,1,0,218,0
55,9,2,0,0,2344,0,0,2,0,0,0,0.7366847517366754,1,0,1,0,1355,0
83,41,12,0,1,47,0,1,6,5,1,11,0.15289492800579657,0,1,1,1,650,1
54,3,3,0,0,1619,1,1,2,1,0,1,0.829565723578505,0,1,1,0,1182,0
26,7,1,0,0,962,1,0,2,1,0,2,0.7802146156268304,0,1,1,0,349,0
43,7,2,0,0,2909,1,0,0,0,0,1,0.9349125094796233,1,1,0,0,468,0
235,34,11,1,0,77,1,0,4,3,1,10,0.34063772772168766,1,1,1,1,539,1
52,10,1,0,0,1069,1,1,0,0,1,3,0.6903525651734304,1,1,0,0,863,0
163,38,6,1,0,178,1,1,3,2,1,13,0.07831645391571858,0,0,0,0,134,1
137,26,9,0,1,163,0,1,4,2,1,3,0.25102323203362537,0,1,0,0,457,1
20,9,3,0,0,1440,1,1,1,1,1,3,0.7803614612372592,1,1,0,0,839,0
239,37,8,0,0,144,1,1,6,3,1,13,0.3265727492877536,1,0,1,1,759,1
99,44,10,1,1,93,1,1,3,7,1,8,0.23327632171083904,0,0,0,0,395,1
62,2,3,0,0,1961,1,0,0,0,0,2,0.9314424534595135,1,0,0,0,675,0
195,29,7,1,1,60,0,1,10,5,0,4,0.12252039875501503,0,0,0,1,346,1
150,15,11,1,1,61,0,0,10,4,0,5,0.18131553389921107,0,0,1,1,743,1
31,8,1,0,0,1878,0,0,0,0,0,0,0.963822171374881,0,1,1,0,630,0
236,33,7,1,1,130,0,1,11,3,1,4,0.02678944481010861,1,0,1,1,215,1
47,6,1,0,0,769,1,0,1,1,1,0,0.7511873422565136,1,0,1,0,1068,0
75,2,1,0,0,3947,1,0,0,1,0,1,0.6263368658034618,1,1,0,0,1098,0
76,9,3,0,0,4811,1,0,2,1,0,0,0.9174869703140849,1,1,0,0,1259,0
46,4,3,0,0,3247,1,0,0,0,0,3,0.906684669768287,1,0,1,0,222,0
82,17,10,1,1,88,0,1,4,4,1,5,0.10918374994252598,0,0,1,0,562,1
47,5,1,0,0,2308,1,0,2,1,0,3,0.9210258137394496,1,1,1,1,562,0
133,15,8,1,0,79,1,0,5,4,1,11,0.2665227543340159,0,0,1,0,272,1
166,44,10,1,0,47,1,1,5,6,1,5,0.17493902897303792,1,0,0,1,530,1
36,5,2,0,0,721,1,0,1,0,1,3,0.928117184243671,1,1,0,0,665,0
29,8,2,0,0,2940,1,1,2,1,1,0,0.6089969318542162,1,1,1,0,1096,0
147,29,13,1,1,13,0,1,9,7,1,11,0.36129924203805225,0,1,0,1,694,1
225,29,6,1,0,108,1,1,10,4,0,11,0.05505189375934454,0,1,0,0,752,1
32,10,2,0,0,2657,1,1,0,1,0,2,0.6852242204070143,1,1,0,0,850,0
135,44,5,0,1,112,0,1,10,7,1,14,0.14756545582790898,0,1,0,0,106,1
42,4,2,0,0,1087,1,0,1,1,0,4,0.9033634563198819,1,0,1,1,1471,0
176,37,11,0,1,43,1,1,6,6,1,13,0.37911187918769196,0,1,0,1,730,1
46,10,3,0,0,373,1,0,0,0,1,0,0.6726031846485981,0,1,1,0,495,0
83,43,10,1,1,15,0,1,4,4,1,13,0.34988066907367976,0,1,1,1,128,1
97,17,11,1,0,164,1,1,6,4,1,3,0.20141879260475448,0,0,1,1,602,1
141,35,13,1,0,120,1,1,9,5,1,3,0.04418964525255786,0,0,0,0,764,1
148,37,9,1,1,92,0,1,10,6,1,8,0.34317396559893154,0,0,1,1,751,1
33,9,2,1,0,4731,1,0,2,1,0,2,0.8545714975011396,1,1,0,0,1167,0
63,7,3,0,0,3884,1,0,1,0,0,2,0.9236983347013931,1,1,0,0,332,0
73,6,2,0,0,1027,1,0,0,1,0,2,0.6262511981342961,1,1,1,0,1423,0
63,5,3,0,0,4107,1,0,1,0,0,4,0.9223811873509932,1,1,0,0,926,0
111,29,9,1,0,51,1,0,4,3,1,9,0.3041600269149931,0,0,0,1,676,1
232,39,7,1,1,21,0,0,8,4,1,6,0.2007478124098015,0,1,0,1,607,1
184,24,14,1,1,157,0,0,7,5,1,14,0.3217497656550803,0,0,1,1,416,1
45,4,2,1,0,934,1,0,0,0,0,1,0.8205269562651256,1,1,0,0,918,0
82,30,9,1,1,24,0,1,5,4,1,13,0.23153606721423703,0,1,0,1,639,1
69,8,3,0,0,907,1,1,1,0,0,1,0.9099311066618485,1,1,0,0,1238,0
152,42,7,1,1,159,0,1,11,3,0,8,0.30750567228846415,0,1,0,1,481,1
40,8,2,0,0,4648,1,0,0,0,1,4,0.7623551010418902,0,1,1,0,1120,0
93,30,14,1,1,104,0,1,3,2,0,6,0.15174343596896953,0,0,1,1,731,1
177,26,7,1,1,48,0,1,9,2,0,10,0.30335696557827263,0,1,1,1,299,1
78,8,2,0,0,771,1,1,0,1,0,4,0.6797850747332208,0,1,0,0,1220,0
28,4,3,0,0,993,1,0,1,1,0,0,0.9588154065002739,1,1,1,0,1127,0
101,32,9,0,1,116,1,1,4,2,0,8,0.05820619311494366,1,0,1,0,474,1
25,12,3,0,0,3248,1,0,4,1,0,1,0.911884610072154,1,1,0,0,1298,0
121,23,14,1,0,158,1,1,5,6,1,13,0.16447619034779645,0,0,1,1,401,1
60,11,3,0,0,3394,1,0,4,1,0,0,0.9481601852423348,1,1,0,0,885,0
42,10,2,0,0,818,1,1,2,1,0,2,0.6291873331702751,1,1,1,0,1251,0
57,10,1,0,0,1991,1,0,2,1,0,3,0.7157991460478879,1,1,1,0,243,0
20,3,2,0,0,4144,1,0,0,0,1,2,0.8911022869314338,1,1,0,0,360,0
104,44,13,0,1,139,1,0,8,5,1,5,0.1830798420637176,0,0,0,0,112,1
50,6,3,1,0,2519,1,0,1,1,1,1,0.9139996697694335,1,1,0,0,462,0
31,2,2,0,0,779,1,0,2,1,0,1,0.8420406488948603,1,1,1,0,774,0
44,9,2,0,0,1568,1,1,1,1,0,1,0.7999289030994357,1,1,0,0,701,0
78,4,1,0,0,1114,1,0,2,0,0,2,0.7245663015524635,1,1,0,0,344,0
70,7,1,0,0,1760,1,0,0,0,1,1,0.9268339787678598,1,1,0,0,1340,0
204,26,7,1,1,142,0,1,6,7,0,14,0.14913945487557378,0,0,0,1,601,1
110,31,13,1,0,58,0,0,3,4,1,11,0.2034735802736316,0,0,1,1,314,1
195,37,9,1,1,168,0,1,8,7,0,12,0.08022410042919317,0,0,1,1,441,1
29,2,3,0,1,4168,1,0,0,1,0,1,0.8555511025704803,1,1,0,0,1360,0
59,9,3,0,0,2787,1,0,2,0,0,4,0.6966024907424245,1,1,0,1,1014,0
245,43,7,1,0,102,1,1,6,7,1,11,0.3946252456457642,0,0,1,1,486,1
40,9,3,1,0,755,1,0,0,0,0,3,0.680569163529121,1,0,0,0,209,0
111,24,14,1,0,121,0,1,10,5,1,8,0.1837384040691291,1,1,1,1,267,1
20,7,3,0,0,1054,1,0,0,0,0,1,0.9606613546850821,1,1,0,0,727,0
155,40,13,1,1,175,0,1,3,4,1,10,0.19703960208872565,0,1,0,1,712,1
155,38,11,1,1,33,0,0,8,3,1,6,0.30154723308396525,0,1,1,1,563,1
72,4,3,0,0,4879,1,0,1,0,1,1,0.8866527746808126,1,1,0,0,257,0
24,10,1,0,0,2814,1,0,0,1,0,1,0.9415793852058174,1,1,0,0,1247,0
152,40,13,0,0,22,0,0,5,5,1,6,0.326717347829739,1,1,1,1,399,1
57,4,2,1,0,3093,1,0,2,1,0,1,0.9756896544684827,1,1,0,0,902,0
50,5,3,0,0,2283,1,0,1,1,0,0,0.9140368815699962,1,1,0,0,1032,0
75,8,2,0,0,778,0,1,0,1,0,3,0.9314668574134376,1,1,1,0,920,0
21,5,1,0,0,988,1,0,1,1,0,0,0.7918527824798107,1,1,1,0,1312,0
178,34,7,1,0,110,0,1,6,7,1,5,0.14586827049373463,1,0,0,1,375,1
78,3,3,0,0,3605,1,0,0,0,0,2,0.680610801167297,1,1,0,0,1479,0
46,5,3,0,0,2933,1,0,2,0,0,3,0.8234489347464757,1,1,0,0,369,0
208,22,11,1,0,109,0,1,9,5,1,9,0.26356957676406056,0,0,0,1,427,1
228,28,11,1,1,111,1,1,8,3,1,8,0.3330721877388173,0,1,1,1,169,1
240,42,12,0,0,69,0,1,7,5,0,4,0.31350895560689973,0,0,1,1,554,1
178,30,8,1,1,151,1,1,3,6,1,5,0.04124954753437304,1,0,1,1,798,1
141,43,7,1,0,97,0,1,3,7,1,10,0.09811421290213383,0,0,0,0,792,1
126,15,14,1,0,125,0,1,5,2,1,10,0.0537658707755897,0,1,0,1,420,1
182,24,13,0,0,145,0,1,9,5,1,9,0.33317188622969124,0,1,1,1,105,1
72,2,2,0,0,1068,0,1,1,0,0,2,0.9064487005380522,0,1,0,0,516,0
161,16,14,1,1,62,1,1,11,4,1,9,0.09626820590286123,1,1,0,1,662,1
27,7,2,0,0,1795,1,0,2,1,1,4,0.8002786511181239,1,1,1,0,877,0
65,6,2,0,0,1610,1,0,1,0,0,2,0.8652215454944483,1,1,1,0,1045,0
30,11,1,0,0,414,1,0,1,1,0,1,0.7746458248806906,0,1,1,0,1095,0
139,20,9,1,1,161,0,1,6,7,0,4,0.38846036294731434,0,1,0,1,498,1
36,2,2,0,0,3036,1,0,1,0,1,3,0.6043863664225789,1,1,0,0,588,0
93,30,10,1,1,49,0,1,9,2,1,8,0.3345662386319427,1,0,1,0,489,1
36,2,1,0,0,2947,1,1,0,1,1,3,0.8166381851193372,1,1,0,0,1445,0
194,33,14,1,1,95,0,1,6,7,1,10,0.1764894854621306,0,1,0,1,181,1
39,6,1,0,0,4414,0,1,2,0,0,1,0.6685130545168605,1,0,0,0,235,0
213,37,6,1,0,48,0,1,7,3,1,12,0.3900348678830725,0,1,0,0,127,1
63,9,3,0,0,4012,1,0,1,1,0,3,0.720559350966873,1,1,1,0,1118,0
160,44,9,0,1,32,0,0,3,6,1,11,0.2179526744117574,0,1,1,1,700,1
150,40,6,1,1,96,0,1,5,5,1,11,0.2104330073669612,1,1,0,1,541,1
64,11,1,0,0,2423,0,1,2,0,1,3,0.7042223863945796,1,1,0,0,1154,0
106,39,10,1,0,52,0,1,7,5,1,4,0.06651334750243176,1,0,1,0,248,1
46,4,3,0,0,3446,1,1,0,0,1,1,0.9615608025134885,0,1,0,0,1261,0
28,7,2,0,0,2111,1,1,2,1,0,4,0.9165410894609338,1,1,0,0,1427,0
34,6,3,0,0,3448,1,0,1,0,0,4,0.7832330758702922,1,0,1,0,970,0
46,13,3,0,0,1760,1,0,4,1,1,4,0.8517419770515753,1,1,0,0,1300,0
42,7,1,0,0,470,1,1,0,1,0,4,0.7891923925482943,1,1,0,0,492,0
74,6,1,0,0,2880,1,1,0,1,0,0,0.6907078213403066,1,1,1,0,702,0
22,11,2,0,0,1447,1,0,1,0,0,3,0.9066229177467013,1,1,1,0,1222,0
238,43,13,0,1,53,0,1,11,7,1,7,0.1642836981566665,1,1,1,1,372,1
51,4,3,0,0,3200,1,0,2,1,0,0,0.8789845068906907,1,0,1,0,1340,0
133,44,5,0,1,143,0,1,8,5,0,11,0.08765042586832035,0,0,1,0,674,1
209,18,6,1,0,21,0,1,11,6,1,7,0.15472289682075202,0,0,0,0,328,1
124,40,5,0,1,23,0,1,3,4,1,11,0.14031104920412485,1,0,1,1,496,1
173,34,7,0,1,7,0,1,11,2,1,6,0.21143368057497694,1,1,1,0,130,1
142,19,8,1,1,6,0,1,9,6,1,7,0.004412505771458886,0,0,0,0,749,1
64,6,1,0,0,1314,1,1,1,0,1,1,0.6925650488708595,1,1,1,0,1278,0
86,37,12,1,0,29,0,1,7,3,1,7,0.1369336329843963,1,0,1,1,519,1
196,18,5,1,0,29,0,0,11,3,1,7,0.05655342168653608,0,0,0,0,775,1
143,19,11,0,0,69,0,1,4,6,1,5,0.2788654768551922,0,0,0,1,466,1
121,22,5,1,1,41,0,1,8,2,1,13,0.0453763268415667,1,0,1,1,172,1
56,10,3,0,0,3695,0,0,1,1,0,4,0.886734882693561,1,1,0,0,1217,0
47,10,1,0,0,3856,1,0,0,0,0,1,0.6857832917296647,0,1,1,1,1036,0
119,21,11,1,1,20,0,1,3,5,1,13,0.29085247875277104,0,1,0,0,580,1
37,4,3,0,0,2113,0,0,2,1,0,3,0.7343146334011345,0,1,0,0,1426,0
156,23,6,0,1,23,0,1,9,3,1,5,0.25410599494363234,0,0,1,1,291,1
48,10,2,0,0,3061,1,0,0,0,1,1,0.9187392707088493,1,1,1,0,1308,0
78,8,2,0,0,2804,1,0,2,1,0,3,0.9344027998889399,0,1,0,0,309,0
240,35,7,0,0,174,0,1,9,7,1,14,0.18851486695926584,1,0,0,1,165,1
238,24,6,1,1,48,0,1,5,3,1,12,0.2730046920464801,0,1,0,1,370,1
128,19,6,1,1,58,1,1,0,5,1,11,0.5235812623640569,1,0,1,1,111,1
32,2,1,0,0,4738,1,0,0,1,1,4,0.7938153924502587,1,1,1,0,995,0
69,8,3,0,0,3212,1,0,2,0,0,1,0.7330590541336583,0,1,0,0,562,0
69,6,1,0,0,1021,1,0,2,0,0,4,0.6492938672039216,1,1,0,0,782,0
58,3,3,0,0,2662,1,1,2,0,0,0,0.826215565847864,1,1,0,1,832,0
68,6,1,0,0,2126,1,0,0,0,0,4,0.7012981452161003,1,0,0,0,545,0
154,30,6,1,0,81,1,1,10,7,1,8,0.2971525974671756,1,0,0,1,172,1
90,36,12,1,0,129,0,1,3,3,1,14,0.17754367536852045,0,1,1,1,604,1
215,39,14,0,1,137,1,1,8,4,1,9,0.04589678333527676,0,0,0,0,478,1
175,40,5,1,0,162,0,1,3,7,1,8,0.03099318951695436,0,0,0,1,346,1
96,25,13,1,1,28,1,1,11,7,1,10,0.30105531762873444,0,1,0,0,729,1
22,6,3,0,0,2319,1,0,1,1,0,1,0.8689051759730264,1,1,0,0,990,0
143,31,13,1,1,26,1,0,3,6,1,13,0.33791329124675507,1,0,0,0,477,1
118,44,7,0,1,125,0,0,11,2,1,14,0.38486901938981677,0,0,1,0,233,1
54,8,3,0,0,3180,1,1,0,1,0,1,0.6046104056211941,1,1,0,1,1383,0
30,8,3,0,0,1669,1,1,1,1,0,1,0.8572051920739064,1,1,1,0,1207,0
56,7,1,0,0,4050,1,0,2,0,0,3,0.7012829926569429,1,1,0,0,757,0
70,8,1,0,0,713,1,0,0,1,1,3,0.7323634332312104,1,1,0,0,1137,0
27,11,3,0,0,2256,0,0,0,0,1,1,0.6188156213658992,1,1,1,0,1436,0
138,37,12,0,1,33,0,1,11,5,1,11,5.387720179412803e-05,0,0,0,1,442,1
24,11,1,0,0,4245,1,1,2,1,0,0,0.64263897993174,1,1,1,0,1412,0
223,38,9,1,0,75,0,1,4,5,1,12,0.08923600737814233,0,0,1,0,158,1
24,6,2,0,0,1023,0,0,0,0,1,3,0.7353922041471911,1,1,0,0,625,0
138,37,6,1,0,145,0,1,10,4,1,4,0.35399934260931243,0,0,1,1,596,1
198,39,7,1,0,165,0,0,3,7,0,3,0.18750718618580234,0,0,0,0,321,1
46,10,1,0,0,2896,1,0,2,1,1,0,0.809644616490782,0,1,1,0,730,0
58,2,1,0,0,4680,1,1,1,0,0,3,0.6673631796040119,1,1,0,0,687,0
55,2,2,0,0,2039,1,0,1,1,0,0,0.9632139505342886,1,1,0,1,208,0
88,43,9,0,1,62,1,1,6,6,1,4,0.29694797483591273,0,0,0,1,266,1
44,3,2,0,0,2835,1,0,0,1,1,2,0.9411935876120546,1,1,1,0,629,0
114,36,5,1,1,10,0,1,11,5,0,3,0.17239356076832882,0,0,0,1,168,1
37,7,1,0,0,3674,1,0,2,0,0,4,0.99455943059412,1,1,0,0,745,0
32,9,1,0,0,3921,1,1,2,0,0,4,0.955553709633533,1,1,1,0,767,0
208,41,9,1,0,60,0,1,3,5,1,13,0.00575249439366119,1,1,1,1,261,1
58,8,1,0,0,2640,1,0,2,1,1,1,0.9025910715361649,1,1,0,0,883,0
53,10,2,0,0,4387,1,0,1,0,0,2,0.7796558753837564,1,1,1,0,286,0
126,18,12,1,1,135,0,1,4,4,1,5,0.22620333892918953,1,0,1,1,649,1
73,10,2,0,0,4881,0,0,0,1,0,0,0.6798349983200394,0,1,0,0,1023,0
93,32,14,1,0,83,0,1,10,4,1,6,0.07289443511522493,1,0,0,1,576,1
68,6,3,0,0,3963,1,0,2,0,0,3,0.9589676200312695,1,1,0,0,1483,0
232,26,11,0,1,69,1,0,8,7,1,8,0.2513627830563959,0,0,1,1,388,1
20,10,2,0,0,2468,1,0,2,1,1,3,0.6865315880665083,1,1,1,0,1278,0
35,2,1,0,0,2420,1,0,1,0,0,2,0.8677028370318594,0,1,0,0,433,0
238,37,8,0,0,87,0,1,7,5,0,8,0.3055426000800856,0,1,1,1,116,1
20,9,3,0,0,3655,1,1,0,0,0,4,0.6442972480764743,1,1,0,0,1267,0
101,23,13,0,1,44,0,1,3,2,1,11,0.33599928929757716,1,1,0,1,544,1
73,4,1,0,0,2206,1,1,0,1,0,4,0.9904282344127617,1,1,0,0,675,0
142,39,10,1,1,160,0,1,3,6,0,8,0.2766857588675648,0,1,1,1,664,1
231,42,9,0,0,89,0,1,7,2,1,13,0.2792646856078981,0,0,1,1,657,1
102,28,12,0,0,12,0,1,11,6,0,4,0.3041697246729887,0,1,1,1,337,1
37,5,2,0,0,2430,1,0,1,1,0,4,0.6547515466549028,1,1,1,0,1454,0
112,44,6,1,1,122,0,1,6,2,1,8,0.2933946985968416,0,1,1,1,503,1
205,29,12,1,1,176,1,1,6,7,1,6,0.3027710637365766,0,1,1,1,687,1
225,40,6,1,1,94,1,0,1,5,0,10,0.5006745887101111,1,0,1,1,287,1
114,21,10,1,1,86,1,1,5,7,1,8,0.11837715554346265,0,0,1,1,723,1
30,9,1,0,0,4714,1,0,1,1,1,0,0.6189662544560339,1,1,0,0,1033,0
49,5,1,0,0,4121,1,0,2,0,0,3,0.6870916136988099,1,1,1,0,1183,0
125,27,8,1,1,95,1,0,3,6,1,8,0.2957876932954909,0,0,1,0,144,1
162,23,7,0,1,114,0,1,3,5,1,10,0.32558810780240754,0,0,1,1,330,1
130,22,10,1,1,81,0,0,3,6,1,6,0.10976468840015007,0,1,1,1,644,1
163,36,7,1,0,91,1,1,7,4,1,5,0.10968608093946802,1,0,1,0,262,1
132,37,7,0,0,149,0,1,5,5,0,5,0.08822444996892931,0,0,1,0,258,1
117,20,6,1,0,98,0,0,3,5,1,5,0.3586298633876041,0,0,1,1,444,1
198,26,5,1,0,122,0,1,9,2,1,10,0.3789401850524155,0,1,1,1,558,1
38,7,2,0,0,1937,1,0,0,1,1,1,0.7663155606309012,1,0,1,0,464,0
53,11,1,0,0,925,0,1,0,1,1,0,0.865383329206437,1,1,0,0,652,0
60,11,3,0,0,947,1,0,1,1,0,4,0.740280930972291,1,1,0,0,741,0
162,44,10,0,1,175,0,1,10,5,1,4,0.37134902079231674,0,0,1,1,543,1
106,24,13,1,0,25,0,1,11,5,1,9,0.047188993451224626,0,0,1,0,328,1
78,2,2,0,0,4067,1,0,0,0,0,0,0.9473188072645311,1,0,0,0,1491,0
26,7,3,0,0,1713,1,0,2,1,0,0,0.9160438049068378,1,1,0,0,1194,0
22,11,3,0,0,541,1,0,2,0,0,4,0.764376733288259,1,1,0,1,1321,0
151,26,6,0,0,61,0,1,10,7,1,3,0.15317074990151594,1,1,1,0,497,1
77,5,3,0,0,4153,1,0,0,0,1,4,0.9315588447903511,1,1,0,0,1355,0
130,41,10,0,1,11,0,1,11,4,1,7,0.03228338167759439,1,1,1,0,572,1
169,39,11,1,0,140,0,1,3,3,0,10,0.38517075009503193,0,1,1,0,461,1
152,21,8,1,1,172,1,1,11,7,1,7,0.3186034078894834,0,0,1,1,726,1
87,15,9,1,0,114,1,0,10,5,1,4,0.13695804931834385,0,0,1,1,691,1
52,6,3,0,0,3068,1,1,1,0,1,4,0.8986886406736248,1,1,0,0,1456,0
23,2,2,0,0,1127,1,0,1,1,0,4,0.8464394248597419,1,1,1,0,407,0
90,19,7,1,0,158,0,1,7,4,1,13,0.05722478108936096,0,0,1,1,632,1
35,7,3,0,0,4538,1,0,2,0,0,4,0.9479623735561283,1,1,0,0,553,0
137,19,8,1,1,60,0,1,4,2,1,8,0.12937714204007872,1,0,1,0,659,1
191,43,6,0,0,74,1,1,10,7,0,10,0.15406505110901622,0,1,1,1,502,1
165,36,13,1,0,1,0,1,4,4,0,14,0.29312061790650024,0,0,1,0,118,1
42,6,2,0,0,4730,1,0,0,1,0,0,0.6177170882328371,1,0,0,0,1256,0
126,34,11,1,0,111,0,1,11,7,1,9,0.32198549215970185,0,0,0,0,558,1
43,6,3,0,0,3276,1,1,0,1,0,1,0.6021256676619448,1,1,1,0,598,0
91,44,11,1,0,112,1,1,4,3,1,9,0.11145858569464458,1,0,0,1,771,1
89,35,10,1,0,21,1,1,3,2,1,9,0.1012406156718435,0,1,0,1,717,1
37,11,3,0,0,693,1,1,2,0,0,3,0.6398904815413472,1,1,0,0,205,0
165,42,8,1,1,96,0,0,3,6,0,8,0.12883788088773415,1,0,1,1,205,1
49,7,2,0,0,998,1,1,1,0,1,0,0.7984486776565779,1,1,0,0,613,0
38,7,3,0,0,4544,1,0,1,1,0,3,0.6402121434767344,1,1,0,0,234,0
21,7,3,0,0,2066,1,1,2,1,0,2,0.8065359275353307,1,1,0,1,894,0
228,39,8,1,0,115,0,1,6,7,1,10,0.04663322982227869,0,1,0,1,190,1
91,19,14,1,0,129,1,1,9,6,1,12,0.31275636519875594,1,0,1,1,308,1
175,41,6,1,1,91,1,0,10,2,1,11,0.2334854350925456,1,1,1,1,454,1
78,10,1,0,0,4735,1,0,2,1,1,2,0.7295403546228013,1,1,0,0,343,0
151,37,9,1,1,104,0,0,11,2,1,3,0.030964620793900235,0,0,0,1,413,1
196,24,5,0,1,112,0,0,6,6,1,14,0.013179147298211992,0,0,0,0,510,1
246,27,5,1,1,81,0,1,8,4,1,11,0.3439178699246583,0,0,1,1,587,1
23,5,1,0,0,4294,1,0,2,1,1,0,0.8258285834428445,0,1,1,0,595,0
23,10,1,0,0,3776,1,0,1,1,0,0,0.7808033151948325,1,1,0,0,677,0
24,3,3,0,0,1102,1,0,1,0,0,4,0.9285317801400974,1,1,0,0,524,0
54,5,1,0,0,3282,1,0,2,1,0,2,0.7076479010552041,1,0,1,0,702,0
116,28,14,1,0,147,0,1,8,7,0,10,0.37956648727548603,0,0,1,1,705,1
217,25,6,1,1,177,0,1,5,5,1,12,0.0786668929561229,1,0,1,0,375,1
223,41,6,1,0,125,1,0,9,4,1,5,0.2733737948215668,0,0,1,1,277,1
63,9,1,0,0,3904,1,0,1,0,1,3,0.7087949291933526,1,1,0,0,1067,0
107,17,13,1,1,41,1,0,5,2,1,12,0.22315167343115425,0,0,0,1,716,1
150,41,7,0,1,44,0,0,6,7,1,12,0.04883518188026934,0,1,0,1,732,1
147,19,9,1,1,108,1,1,5,4,1,5,0.0708683701087462,0,0,0,1,598,1
25,2,1,0,0,1725,1,0,2,1,0,3,0.7008809608637323,1,1,0,0,378,0
137,33,12,1,1,27,1,1,8,6,1,3,0.2150734087020402,0,0,0,1,545,1
215,17,14,1,0,167,0,1,3,3,1,9,0.0751614355193666,0,0,0,1,467,1
222,32,6,1,0,103,0,1,9,7,0,7,0.11847070622359941,0,0,0,1,570,1
74,8,1,0,0,1695,1,0,1,1,1,2,0.9447776366323964,1,1,0,0,1189,0
49,4,3,0,0,3718,1,1,0,1,0,3,0.7652890709967085,0,1,0,0,1468,0
134,35,12,1,1,86,0,0,9,5,1,7,0.116350741692633,0,1,0,0,161,1
55,11,2,0,0,3287,0,0,2,0,1,1,0.9766532725940812,1,1,0,0,1183,0
47,2,1,0,0,1500,1,1,0,0,0,4,0.9289454055249722,1,1,0,0,1214,0
45,3,2,0,0,3158,0,1,0,0,1,3,0.7775134317129343,1,1,0,0,1495,0
23,9,1,0,0,4678,1,0,0,0,0,2,0.6449531899714838,1,1,0,0,641,0
69,5,3,0,0,2630,1,0,2,1,0,4,0.9519241742878741,0,1,1,0,1020,0
32,11,3,0,0,3133,1,1,2,1,0,3,0.8208889120695386,1,1,0,0,1283,0
33,5,2,0,0,4943,1,1,2,1,0,0,0.8077772070217728,1,1,1,0,499,0
112,16,5,1,1,89,0,1,10,4,1,4,0.061937072648090966,0,0,1,1,546,1
188,23,11,1,1,34,0,1,6,3,1,5,0.2504392407948187,1,0,0,1,182,1
220,27,5,1,1,76,0,1,8,5,1,10,0.14886930209875887,0,0,1,0,550,1
171,35,11,1,1,90,0,1,9,3,1,13,0.1540232222875847,1,0,1,1,450,1
74,9,1,0,0,3665,1,0,0,0,0,0,0.9269993026102666,1,1,1,0,236,0
123,43,11,1,0,133,1,1,9,4,1,12,0.355651169576004,0,0,0,1,368,1
210,34,13,0,1,125,1,1,8,2,0,8,0.23278856076575952,0,1,0,1,171,1
87,39,11,1,1,176,1,1,4,5,1,6,0.14762120870436665,0,0,1,0,477,1
225,24,11,1,0,67,1,1,7,3,1,13,0.13035253704631616,1,0,0,1,510,1
58,10,1,0,0,3769,1,1,1,1,1,1,0.704649922516732,1,1,1,0,357,0
26,10,2,0,0,4152,1,1,0,0,0,4,0.8718032090946222,1,1,0,0,1304,0
49,4,1,0,0,4759,1,0,0,0,0,4,0.8836722815177618,1,1,1,0,667,0
155,34,5,0,1,9,0,0,9,5,1,13,0.2827825273973691,0,1,0,1,578,1
140,36,5,1,0,179,0,0,7,4,0,10,0.3009636932848037,1,1,1,1,353,1
65,4,2,0,0,2347,1,0,2,1,0,0,0.8872024840430591,1,1,1,0,466,0
153,22,12,1,1,84,0,1,10,3,0,6,0.22312807677168056,0,0,0,1,139,1
63,5,3,1,0,4565,1,1,0,0,1,0,0.6092341922207081,1,1,1,1,875,0
136,16,13,0,1,67,1,0,10,3,1,7,0.17750853563689806,0,0,1,1,200,1
52,2,2,0,0,4478,1,0,1,1,0,3,0.9203133653495571,1,1,0,0,876,0
36,9,2,0,0,956,1,0,2,0,0,4,0.6801403405793623,1,1,1,0,1300,0
182,34,12,1,0,74,0,1,10,4,0,4,0.2887995089067299,1,0,1,1,413,1
158,27,11,1,0,129,0,1,5,5,1,6,0.16731644443739438,0,1,1,1,455,1
59,4,2,0,0,605,1,1,0,1,0,2,0.8146515617207216,1,1,0,0,1291,0
20,10,1,0,0,3702,1,0,1,0,0,0,0.6619263019486941,1,1,0,0,1370,0
42,10,1,0,0,755,1,1,1,1,0,1,0.7493046928117075,1,1,0,0,494,0
47,7,1,0,0,3871,1,0,1,0,1,2,0.7875275832060965,1,1,0,0,442,0
110,34,14,0,1,130,0,1,5,3,1,5,0.2893578755419714,0,1,1,0,120,1
198,18,13,1,0,140,1,1,10,2,1,14,0.24618056815376244,0,0,1,1,184,1
249,41,13,0,0,152,1,1,6,2,1,13,0.2652029384567104,0,1,1,1,324,1
197,27,10,1,0,146,0,1,5,6,1,7,0.19236240030122786,0,1,1,1,737,1
144,32,13,1,1,150,1,1,5,5,1,14,0.19347632925871758,0,1,1,1,408,1
181,43,10,1,1,59,1,1,8,4,1,4,0.27981114816102876,0,0,1,1,413,1
22,8,3,0,0,3592,1,0,2,1,1,2,0.670477762465699,1,1,0,0,1181,0
76,4,2,0,0,2347,1,1,1,1,0,0,0.6428943207078094,0,1,0,0,634,0
91,24,8,1,1,42,0,1,11,4,1,14,0.21289799553051966,0,0,0,1,474,1
29,3,2,0,0,2359,1,0,2,0,0,1,0.7488480784032114,1,1,1,0,1246,0
195,43,8,1,1,113,1,1,6,5,0,13,0.08834111318520357,0,0,0,1,679,1
180,32,9,0,1,11,1,0,0,7,0,9,0.5166387353703015,0,0,1,0,271,1
22,2,2,0,0,534,1,0,0,1,0,4,0.7636030946945093,1,1,0,0,864,0
189,24,6,1,0,2,1,1,8,2,1,6,0.3979631290585741,0,0,1,1,315,1
209,39,14,1,0,69,0,0,8,5,1,5,0.15931221963562178,0,0,1,1,460,1
178,33,5,0,0,19,0,1,6,7,0,10,0.3511320312608164,1,1,0,1,157,1
165,36,10,1,1,109,1,1,3,2,0,6,0.09686986013898823,0,1,1,0,538,1
159,20,5,0,1,42,0,1,8,3,1,13,0.08311618588190153,1,1,1,0,515,1
183,41,14,1,0,107,1,1,8,5,0,7,0.15763606110980125,1,0,0,1,428,1
131,43,10,1,1,19,1,1,9,5,0,8,0.31470013406177477,1,0,0,1,460,1
228,38,8,1,1,81,1,1,10,7,1,13,0.025301363559471837,0,1,1,0,637,1
79,8,2,0,0,3375,0,0,1,1,1,3,0.7002326306376772,1,1,1,1,1389,0
198,35,9,1,0,155,1,1,9,4,1,5,0.21095984884907054,1,1,0,1,575,1
152,34,5,0,0,62,1,1,1,2,1,14,0.532490105568933,1,0,0,0,157,1
226,35,7,1,0,80,1,1,6,7,0,4,0.09677267212621184,1,1,1,1,359,1
84,43,9,0,1,108,0,1,9,2,1,6,0.15050383421236632,0,1,1,1,630,1
38,6,2,0,0,886,1,1,1,0,0,3,0.843188467039265,1,1,1,1,860,0
108,38,6,1,1,135,0,1,3,3,1,7,0.39158300281644165,0,0,1,0,788,1
110,38,14,0,1,163,0,0,8,4,1,6,0.21792987026937272,0,1,1,1,281,1
76,5,1,1,0,3550,1,0,1,1,0,4,0.8608330731518974,1,0,1,0,713,0
220,18,6,0,1,53,1,1,9,6,0,11,0.05464036146046905,0,1,0,1,248,1
63,4,2,0,0,2816,0,0,2,1,0,3,0.6623675743625823,1,1,0,0,572,0
163,31,13,1,0,101,0,1,5,7,1,12,0.27972615005048146,1,1,1,1,735,1
124,36,8,1,1,156,0,1,9,5,0,12,0.3960835574350486,0,0,1,1,639,1
182,41,13,1,0,123,0,0,9,2,1,6,0.3630265895704372,0,0,1,0,259,1
77,10,1,0,0,2961,1,1,1,1,0,4,0.7857065681143759,1,1,0,0,312,0
226,39,10,1,1,84,1,1,7,2,1,3,0.02448666325742881,0,1,0,0,188,1
249,18,10,0,1,44,1,0,9,3,0,13,0.0914500646099694,1,0,1,1,623,1
21,9,1,0,0,604,1,1,2,0,0,2,0.7434493628092995,1,0,0,0,1038,0
23,2,3,0,0,2737,1,1,1,1,0,1,0.7301561694244958,1,1,0,0,323,0
192,29,7,0,1,25,1,1,4,5,1,6,0.12555123060601092,0,0,0,0,477,1
80,22,11,1,1,144,0,1,10,4,1,3,0.18018612066312734,0,0,1,1,788,1
30,9,3,0,0,4165,1,1,2,1,0,1,0.7215603507889873,1,1,0,0,215,0
239,40,9,1,1,133,0,1,5,7,0,3,0.09377024000460588,0,0,1,1,767,1
229,33,5,1,1,142,0,0,4,2,1,4,0.007657947198734672,1,0,1,1,217,1
28,8,2,0,1,2113,1,0,0,0,0,0,0.8682840913336303,0,1,0,0,500,0
71,7,1,0,0,3831,0,0,2,0,0,2,0.6840189349168279,1,1,0,0,958,0
107,40,5,0,0,130,1,1,6,4,0,6,0.1806787276926731,0,0,1,0,367,1
44,10,3,0,0,3653,1,0,2,0,1,2,0.6245390231850584,1,1,0,0,598,0
40,2,3,0,0,2589,1,1,1,0,0,2,0.686093092842293,1,1,1,0,721,0
126,18,10,1,1,168,1,1,4,7,1,11,0.10112544243568022,0,0,0,1,650,1
104,18,14,1,1,110,0,1,10,2,1,12,0.1135103623194898,0,0,1,1,476,1
32,5,1,0,0,2639,1,1,2,0,0,2,0.7683373553546673,1,0,0,0,615,0
91,42,8,1,0,133,0,0,4,5,1,5,0.225776436271553,0,0,1,1,155,1
66,7,1,0,0,2961,1,0,2,0,1,4,0.9083258086657284,1,1,0,0,571,0
133,39,9,0,1,7,0,1,10,7,1,6,0.3777638902309094,0,0,0,0,429,1
188,19,14,1,1,155,1,1,9,7,1,9,0.11190677235481634,0,0,1,1,436,1
102,28,5,1,1,14,0,1,8,7,1,8,0.11700600813641243,0,0,0,0,165,1
78,2,1,0,0,4157,1,0,0,1,0,2,0.9398653510543621,1,1,0,0,903,0
54,6,3,0,0,1079,1,0,1,1,0,3,0.7858887824794998,1,1,0,0,1451,0
160,40,12,1,1,161,0,1,7,3,1,10,0.29402841752155434,1,0,0,1,291,1
233,39,8,1,0,153,0,1,10,5,1,6,0.15603441551208547,0,1,0,1,558,1
78,11,2,0,0,2715,1,0,0,1,1,4,0.614232858317385,1,1,0,0,1387,0
33,5,1,0,0,1202,1,1,0,1,0,0,0.925077217350313,1,1,0,0,681,0
59,11,1,0,0,4767,1,0,2,1,1,4,0.807455476266405,1,1,0,0,1199,0
43,2,1,0,0,2175,1,1,2,0,0,3,0.8624959572993434,1,1,0,0,556,0
36,10,1,0,0,2080,1,0,0,0,0,4,0.9753348810485836,0,1,0,0,688,0
104,42,9,0,1,56,0,1,3,6,0,7,0.15690681660941885,0,1,0,0,535,1
185,31,14,0,0,39,1,1,3,7,1,12,0.33555923457837367,0,1,1,1,760,1
29,4,1,0,0,917,1,1,2,1,0,1,0.709263848147978,1,1,1,0,869,0
60,5,1,0,0,3047,1,1,2,1,1,1,0.8244604586687825,1,1,0,0,452,0
45,6,2,0,0,1989,1,0,1,1,0,4,0.6035465112534494,1,1,0,0,777,0
40,2,2,0,0,1603,1,1,0,0,0,2,0.6399052016152534,1,1,0,0,1116,0
114,19,13,1,1,94,0,1,11,2,1,9,0.03241544418602271,1,1,1,0,627,1
59,3,3,0,0,1681,1,0,1,0,0,2,0.7656436328495984,1,1,0,0,1395,0
53,10,3,0,0,4609,1,1,2,1,0,4,0.9772195242550481,1,1,1,0,982,0
60,7,2,0,0,1978,1,1,2,0,0,1,0.6924355688538274,1,1,1,0,1122,0
44,3,2,1,0,852,1,0,1,0,0,3,0.6129925288143578,1,1,1,0,863,0
78,9,3,0,0,2320,1,0,2,0,0,0,0.7682520947515278,1,1,0,0,548,0
104,25,13,0,1,88,1,1,3,2,1,10,0.33177154817359195,0,0,0,1,243,1
223,28,7,1,0,65,0,1,5,2,0,8,0.23633330422760432,0,0,1,1,543,1
38,7,1,0,0,3015,1,0,2,0,0,4,0.8116413070641754,1,1,0,0,332,0
168,20,10,0,1,143,0,1,11,6,1,7,0.03690760182510511,1,0,1,1,492,1
76,7,3,0,0,2034,1,0,2,1,0,1,0.642920484148269,1,1,1,0,719,0
113,25,14,1,0,129,0,1,3,6,1,4,0.035603893958403535,0,1,1,0,265,1
199,24,8,1,0,171,1,1,5,4,1,12,0.04298022105156325,0,1,0,1,412,1
163,30,8,1,1,126,1,1,4,7,1,14,0.06381787204527534,1,0,1,1,730,1
90,22,8,1,0,53,0,1,8,7,1,3,0.10796448895687796,0,0,1,1,606,1
49,11,2,0,0,3880,0,1,2,1,1,3,0.8615604585477029,1,0,1,0,993,0
80,21,6,1,1,151,1,1,11,3,0,5,0.06057820877414293,0,0,0,1,138,1
213,41,13,1,1,20,1,1,3,5,1,7,0.02437148868828798,0,0,0,1,430,1
149,35,6,0,1,1,0,1,9,5,1,3,0.17279574858537636,0,1,0,1,430,1
190,32,5,1,1,155,1,1,8,5,0,5,0.038807287294835784,0,0,1,1,287,1
172,18,14,1,1,1,0,1,10,4,0,4,0.20197312163576006,0,1,1,0,370,1
156,17,13,1,1,70,0,0,11,7,1,7,0.18047727658028948,0,0,1,1,405,1
169,30,13,1,0,128,1,1,1,4,0,11,0.6173505239492241,1,1,1,1,727,1
218,38,7,1,0,114,0,1,9,3,1,7,0.30524334544052334,1,1,1,0,652,1
198,28,5,1,1,43,1,1,7,6,1,3,0.11976924992124266,0,0,1,1,485,1
67,4,2,0,0,764,1,1,1,0,0,3,0.6988698978378071,1,1,0,0,579,0
64,2,2,0,0,959,1,0,0,1,0,3,0.6275003808354709,1,1,0,0,1109,0
198,39,12,1,1,109,0,0,9,5,1,12,0.37518609257355773,0,0,0,0,375,1
79,4,2,0,0,4361,1,0,2,1,0,3,0.9807062064569307,1,1,0,0,659,0
41,10,1,0,0,4249,1,0,1,1,0,2,0.6767902023436951,1,1,1,0,1418,0
25,5,3,1,0,1862,1,0,2,1,1,1,0.6354531898998322,1,1,1,0,701,0
24,6,3,0,0,1890,1,0,1,0,1,2,0.7315207218313815,1,1,0,0,330,0
29,11,2,1,0,1263,1,0,0,0,1,0,0.6741415902887398,1,1,1,0,758,0
32,9,3,0,0,398,1,0,2,1,0,1,0.7005230748568627,1,1,1,0,496,0
100,28,9,1,1,77,0,1,5,7,1,10,0.08367418616317113,0,1,1,1,622,1
60,16,2,0,0,4569,1,0,3,1,0,4,0.8326121897108443,1,1,0,0,1039,0
55,6,2,0,0,1624,1,1,0,1,1,0,0.6039442913348557,1,1,0,0,1066,0
44,5,3,0,0,4103,1,0,2,1,0,3,0.8397174265241915,1,1,0,0,1309,0
37,6,2,0,0,475,1,1,0,1,0,1,0.7890452834536558,1,1,0,0,854,0
236,31,11,0,0,157,1,1,5,7,1,10,0.278972646894877,0,1,1,1,123,1
145,16,14,1,0,33,0,1,10,7,1,8,0.12859828049915278,0,0,1,1,632,1
111,24,6,0,1,5,0,0,5,3,0,3,0.2786780445746994,0,0,0,1,603,1
71,4,1,0,0,2230,1,0,0,0,0,1,0.8998503008596095,1,0,1,1,1454,0
62,6,1,0,0,1602,1,0,1,1,0,4,0.8845816967456916,1,1,0,0,981,0
74,10,2,0,0,3603,1,0,0,1,1,4,0.882374647084648,1,1,1,0,1253,0
178,28,10,1,1,103,0,1,11,3,1,13,0.0203210358755769,0,1,1,1,230,1
150,28,11,0,1,36,1,1,9,3,1,9,0.03202536101158624,0,0,0,1,319,1
118,16,5,1,0,97,1,1,5,7,1,9,0.21650663147044413,1,0,1,1,377,1
100,42,11,1,1,176,1,0,10,6,0,14,0.2048887683250698,0,0,0,1,720,1
49,2,1,0,0,1848,1,0,0,0,0,4,0.958628609987711,1,1,0,0,1356,0
55,9,2,0,0,3635,1,0,0,1,0,4,0.6958976691753034,1,1,0,0,1128,0
209,34,8,1,1,22,1,1,10,3,0,13,0.31326401161116113,0,0,1,1,582,1
187,15,13,1,0,149,0,1,3,6,1,8,0.06372160824759213,0,0,0,1,460,1
231,17,12,0,1,57,0,1,6,4,1,14,0.14193654410275616,0,0,1,0,237,1
135,18,5,0,1,15,0,1,10,4,1,3,0.3650397382365562,1,0,1,1,240,1
72,9,2,0,0,2588,0,0,1,0,0,4,0.8445979410876796,1,1,0,0,913,0
87,20,6,1,1,102,0,0,11,4,0,9,0.17544457437585748,1,0,1,1,122,1
99,33,11,0,1,117,0,0,8,5,1,9,0.03787239620191803,0,0,1,0,742,1
151,39,8,1,0,141,0,1,4,3,1,11,0.3465754670110582,1,1,0,0,423,1
48,7,3,0,0,756,1,0,2,1,0,2,0.8561042887536907,1,1,0,0,1357,0
123,38,10,0,0,113,1,0,7,5,0,3,0.04884396560401072,0,1,0,1,305,1
207,33,9,0,1,77,0,0,11,2,1,11,0.07551761110937778,0,1,1,0,405,1
74,10,2,0,0,1525,1,0,2,0,0,0,0.7430708365223097,1,1,0,0,1092,0
73,8,3,0,0,1118,1,0,2,1,0,3,0.7290236946533073,1,1,1,0,1068,0
79,4,1,0,0,3925,1,0,0,0,1,3,0.8668344205342181,1,1,0,0,818,0
63,3,3,0,0,4032,1,1,0,1,0,1,0.7962589997362908,1,1,0,0,1427,0
25,4,3,0,0,4667,1,1,2,0,1,0,0.7476224637367216,1,1,0,0,626,0
73,3,3,0,0,2288,1,0,1,1,0,4,0.9613631023451172,1,1,1,0,621,0
240,31,5,1,0,10,1,1,4,7,1,7,0.3453334598287301,0,0,0,1,111,1
243,33,14,1,0,95,0,1,10,3,1,13,0.1364265404201034,0,1,1,0,243,1
187,30,13,1,1,66,0,1,6,4,1,13,0.16779259403592792,0,0,0,0,502,1
37,9,3,0,0,2315,1,1,0,0,0,4,0.6358527093218471,1,1,1,0,1069,0
83,29,10,1,1,178,1,1,10,3,1,14,0.08203102405978364,1,1,0,1,239,1
112,35,10,0,0,111,0,0,10,2,0,5,0.007296992571344418,0,1,1,1,174,1
176,42,13,1,1,27,1,0,4,6,1,12,0.1453615727997708,1,0,0,1,299,1
191,38,7,0,1,156,0,1,10,3,0,7,0.2852184202537275,0,1,1,1,530,1
211,36,10,1,1,130,1,1,3,7,1,5,0.17580311217902073,0,0,1,1,406,1
73,5,3,0,0,1582,1,1,2,0,0,1,0.745663279273553,1,1,0,0,297,0
72,6,3,0,0,1602,1,1,1,0,0,2,0.874770966709721,1,1,0,0,669,0
44,2,1,0,0,1549,1,0,2,0,0,1,0.994765485687285,1,1,1,0,947,0
239,25,14,0,1,152,1,0,7,3,1,8,0.1783163658308916,1,0,0,1,679,1
124,18,13,0,1,105,1,1,5,7,1,7,0.2365204595692979,1,1,1,0,291,1
194,43,6,1,0,79,1,1,10,7,1,3,0.18329386015713356,1,1,1,1,143,1
184,32,7,1,1,64,0,0,3,6,1,11,0.15487330966237375,0,1,0,1,742,1
243,19,14,0,0,152,0,1,6,5,1,7,0.22404639320373937,0,0,1,0,369,1
29,11,1,0,0,1211,1,0,1,1,0,1,0.73502290142418,1,1,1,0,1388,0
78,4,2,0,0,1091,1,1,0,0,0,2,0.9326139889787501,1,1,0,0,974,0
26,7,1,0,0,1730,1,0,1,1,0,4,0.9194749483721449,1,1,0,1,814,0
174,42,10,0,1,47,0,1,11,5,1,11,0.3677549618290691,0,0,0,0,719,1
211,41,8,1,1,29,0,1,11,6,1,10,0.07615271451881389,0,0,1,0,743,1
20,2,3,0,0,3366,1,1,2,0,0,4,0.8281329704804992,1,1,0,1,336,0
60,11,1,0,0,2852,1,1,2,1,0,4,0.9164817014352284,1,1,0,0,437,0
60,4,2,0,0,4777,1,0,0,0,0,3,0.906383268522207,1,1,0,0,874,0
39,2,2,0,0,1492,1,1,2,1,0,0,0.7045971614910478,1,1,1,0,1112,0
95,32,8,1,1,38,1,1,10,5,0,4,0.006368106905119442,0,1,1,1,424,1
63,6,1,0,0,1027,1,0,1,0,0,3,0.6680404984752679,1,1,0,0,559,0
32,10,1,0,0,1317,0,1,1,1,0,0,0.6022608419364739,1,1,0,0,305,0
246,35,12,1,1,3,1,1,3,2,1,3,0.26083722475266025,1,1,1,1,630,1
48,8,1,0,0,2915,1,1,0,0,0,2,0.6061059358584119,1,1,0,0,431,0
243,18,8,1,1,6,0,0,4,3,1,12,0.18269223715433613,0,0,1,0,543,1
107,29,5,0,1,146,0,1,3,5,1,7,0.3533976089065036,1,1,0,1,706,1
163,17,7,1,1,109,0,1,7,3,1,3,0.38650971909927434,1,1,1,1,141,1
44,8,1,0,0,495,1,0,2,1,0,2,0.9899490133724972,1,1,1,0,787,0
237,31,8,1,1,61,0,1,10,4,1,10,0.3538333171684751,0,0,0,1,322,1
216,19,14,1,0,155,0,1,10,3,1,4,0.2058734468485756,1,0,0,1,752,1
58,8,1,0,0,1004,1,0,2,0,0,2,0.7390257124646965,0,1,0,0,429,0
180,37,14,1,1,33,0,0,5,3,1,10,0.263477452647578,0,0,1,0,259,1
202,30,5,0,0,46,1,1,9,4,0,8,0.2947305823006016,0,0,0,1,555,1
58,9,2,0,0,1108,1,1,1,1,0,0,0.6528846091281199,1,1,0,0,994,0
26,10,1,0,0,1921,1,1,2,0,0,3,0.8587713364392987,1,1,1,0,622,0
106,29,6,1,1,16,0,1,8,4,1,9,0.16225810377889502,0,1,1,1,384,1
177,21,14,1,0,0,1,1,9,6,0,3,0.03947409110396825,0,0,0,1,419,1
35,11,1,0,0,2687,0,0,1,1,0,4,0.6709927339964047,1,1,1,0,521,0
60,11,1,0,0,4631,1,0,0,0,0,0,0.6724251596463857,1,1,1,0,561,0
142,40,8,1,1,45,1,1,6,7,1,12,0.10859950167274715,0,0,1,0,208,1
77,10,2,0,0,1563,1,0,1,0,0,2,0.9379801509090416,0,1,0,0,1496,0
177,43,10,1,1,81,1,1,3,7,1,11,0.13135249115403244,0,0,1,1,704,1
28,2,3,0,0,930,0,0,1,0,0,4,0.6922554560857056,1,1,0,0,737,0
152,29,5,1,0,36,1,0,8,7,1,4,0.0668135784368301,1,0,1,1,342,1
75,4,3,0,0,1491,0,0,0,0,0,1,0.7726603416737525,0,0,1,0,1167,0
166,25,11,1,1,145,0,0,11,4,1,4,0.027661427087400492,1,0,1,0,446,1
37,8,2,0,0,2954,0,0,0,0,0,1,0.8936598389216603,1,1,0,0,1484,0
202,25,9,0,1,81,0,0,11,7,0,12,0.12394625976339389,0,0,1,1,458,1
144,18,5,0,1,119,1,1,6,3,0,8,0.3702549320101343,0,0,0,0,344,1
227,18,6,1,0,11,0,1,3,7,1,13,0.3409658636794591,1,0,1,1,480,1
59,5,2,0,0,4429,1,0,0,1,0,1,0.972564131117224,1,1,1,0,1426,0
189,18,5,0,0,104,0,1,11,6,1,14,0.36678444524099546,1,0,1,0,504,1
241,41,13,0,0,5,1,0,3,2,1,9,0.2197239085920416,0,0,1,1,551,1
245,37,13,1,1,168,0,1,4,7,1,3,0.05072960902016752,0,0,1,0,359,1
162,40,7,0,0,27,0,1,10,2,1,10,0.375598568834391,0,0,0,0,283,1
233,24,5,1,0,130,0,1,10,4,0,9,0.10891426428325368,0,0,1,1,246,1
101,34,8,0,0,173,0,1,9,2,1,4,0.25442830549193,0,1,1,1,762,1
65,10,2,0,0,1405,1,1,1,0,1,0,0.7538846599460947,1,1,1,0,908,0
23,6,1,0,0,2163,1,0,1,0,0,1,0.8861744813106162,0,1,0,0,1046,0
27,7,1,0,0,1944,1,0,0,1,0,4,0.6757131459872984,1,0,0,0,1464,0
52,6,3,0,0,690,1,1,0,1,1,4,0.9386137972493621,1,1,0,0,728,0
118,32,7,1,1,69,0,1,11,5,1,6,0.005361050572866244,0,0,0,0,319,1
243,26,12,0,1,159,1,1,4,4,0,3,0.3712334561304199,0,0,1,1,725,1
105,23,14,0,1,28,1,1,3,5,1,5,0.39851872169809033,1,0,0,1,432,1
38,4,2,1,0,4431,1,0,2,1,1,3,0.6937795395232158,1,1,0,0,445,0
86,15,11,1,0,146,0,1,4,2,1,6,0.13434634285993405,1,0,0,1,355,1
55,4,2,0,0,2943,0,1,0,1,1,4,0.7842654978842816,1,1,1,0,705,0
63,4,3,0,0,2124,1,1,0,0,0,1,0.6171744619470868,1,1,0,0,1492,0
141,17,8,1,0,43,0,0,4,6,0,14,0.048151259802213534,0,1,1,1,157,1
249,42,5,1,1,51,1,1,9,6,1,14,0.2806953095509029,0,0,1,0,699,1
119,36,12,1,1,59,0,0,7,4,1,12,0.3631464521850064,0,0,1,1,715,1
119,36,7,1,0,10,1,0,6,3,1,13,0.1797072633862547,0,1,0,1,563,1
163,17,6,0,0,66,0,1,11,2,1,8,0.1251629576854593,0,0,1,1,253,1
20,9,3,0,0,4327,0,1,0,0,0,4,0.7167867842603475,1,1,0,0,997,0
22,9,3,0,0,4808,1,0,0,0,0,1,0.9875437341871154,1,1,0,0,404,0
24,4,2,0,0,3993,1,1,0,0,0,4,0.7961401764222643,1,1,0,0,1062,0
140,21,5,1,1,97,0,1,9,4,1,13,1.2287538152966349e-05,1,0,0,0,350,1
229,34,5,1,1,97,0,1,11,7,0,6,0.32088120353434263,0,0,0,1,594,1
32,3,3,0,0,1739,1,1,2,0,1,2,0.6560258237435745,1,1,0,0,571,0
191,32,11,1,0,109,1,1,9,4,1,4,0.3637718014743506,0,1,1,0,278,1
130,38,9,1,1,11,0,1,5,2,1,14,0.09585831398302265,0,0,1,1,464,1
27,3,3,0,0,1665,1,0,1,0,1,4,0.9926437709328058,1,1,1,1,1164,0
222,23,11,1,1,50,0,0,4,4,1,11,0.06172862611323176,0,0,1,1,486,1
124,15,5,1,1,46,0,1,9,2,1,7,0.07379050125345575,0,0,0,0,353,1
47,2,3,0,0,1407,1,0,0,0,0,0,0.9458855851501209,0,1,0,0,1168,0
213,22,11,1,1,139,1,0,4,2,1,10,0.3488495635776606,1,0,1,1,226,1
226,23,10,1,0,3,0,1,6,4,0,12,0.029984017388005227,0,0,0,0,263,1
72,7,1,0,0,3191,1,0,2,0,0,0,0.8552438084815799,1,1,1,0,1014,0
120,18,8,1,1,124,0,1,9,6,1,14,0.23312273403339587,1,1,1,0,375,1
133,36,9,1,1,2,1,0,3,3,1,14,0.20645392186979913,0,0,1,0,724,1
176,29,10,0,1,146,0,0,6,2,1,7,0.040998531675685124,0,0,0,1,298,1
23,11,3,0,0,3306,1,1,0,1,1,1,0.8146493118941975,1,1,0,0,716,0
209,26,5,1,0,124,1,1,11,3,1,13,0.054548130987026336,1,1,0,1,559,1
180,15,12,1,0,4,0,1,6,7,1,9,0.055341236967120545,0,1,1,0,219,1
78,7,3,0,0,4063,1,1,0,0,1,0,0.7002623920166278,1,1,0,0,727,0
33,3,1,0,0,1118,1,0,2,0,0,2,0.9884289834511278,1,1,1,0,262,0
57,14,1,0,0,1935,1,1,2,0,0,4,0.6512220553987521,1,1,0,0,1255,0
155,37,5,0,0,175,0,1,4,7,1,13,0.05492135005664176,0,0,0,1,755,1
63,2,2,1,0,813,1,0,0,0,1,4,0.9779939142223373,1,1,0,1,1231,0
63,10,1,0,0,4642,1,0,0,0,1,1,0.6425927053138826,1,1,0,0,657,0
226,35,9,1,0,21,0,0,11,5,1,4,0.051499359319857566,0,0,0,1,313,1
181,38,10,1,1,173,0,0,7,5,1,13,0.017825529379471662,0,0,1,1,221,1
98,25,7,0,0,99,1,1,10,6,1,9,0.10213454950529766,0,0,1,1,497,1
44,7,3,0,0,4539,1,1,1,0,1,2,0.9682216685518891,1,1,0,1,336,0
67,5,1,0,0,2403,1,0,2,1,0,1,0.9258215148079987,1,1,0,0,556,0
77,3,2,0,0,4298,1,0,0,1,0,0,0.63908128444043,1,1,0,0,774,0
40,3,2,0,0,2444,0,0,2,1,0,1,0.933137237146735,0,1,1,0,954,0
109,24,9,1,0,123,0,1,6,3,1,3,0.03528068151594828,0,0,0,1,377,1
223,16,7,1,1,72,0,0,4,5,1,4,0.12256617974041456,0,0,1,1,147,1
68,10,2,0,0,4969,1,0,0,1,0,0,0.6827945212000478,1,1,1,0,464,0
59,2,2,0,0,847,1,1,0,0,0,4,0.9723230689379048,1,1,0,0,1065,0
48,2,2,0,0,1192,1,1,2,1,1,4,0.6174379687170377,1,1,1,0,404,0
234,24,6,1,1,136,1,1,9,3,1,11,0.24460548434627222,0,0,1,0,611,1
93,38,14,0,1,105,1,1,11,6,1,13,0.02506128138214181,1,0,1,1,618,1
224,33,6,0,0,119,1,1,7,2,1,10,0.19015434214219296,1,1,1,1,397,1
243,23,11,0,1,115,1,1,11,5,0,7,0.06252678828354434,1,0,1,0,688,1
20,10,3,0,0,1192,1,0,1,0,0,0,0.7000227034040613,1,1,1,0,805,0
64,10,3,0,0,3823,1,0,2,1,0,2,0.9061728866979086,1,1,0,0,771,0
213,22,7,1,0,42,1,0,6,5,1,10,0.3265643139860123,0,0,0,1,725,1
117,29,5,0,1,152,1,1,5,2,1,6,0.3098535122551152,0,0,0,1,248,1
39,4,2,0,0,4635,1,1,0,0,0,4,0.7276299889282904,1,1,1,0,946,0
63,3,1,0,0,1446,1,0,2,0,0,2,0.8416462499923798,1,1,0,0,1387,0
89,18,13,0,1,33,1,0,9,2,1,6,0.3017059893388091,1,1,1,1,373,1
149,44,6,0,0,55,1,0,8,6,1,13,0.27023470942697553,0,1,1,0,170,1
71,7,3,0,0,3401,1,0,1,1,0,2,0.9496226252555915,1,1,1,0,286,0
73,10,3,0,0,1825,1,0,2,0,0,1,0.7133590778282375,1,1,0,0,1103,0
20,11,1,1,0,2503,1,0,2,0,1,1,0.9076747159983712,1,1,0,0,237,0
49,10,1,0,0,1985,1,0,3,0,1,4,0.7008800202467651,1,1,0,0,770,0
22,10,3,0,0,4230,1,0,2,1,1,1,0.6910746503718393,1,0,0,0,863,0
28,7,3,0,0,4182,1,0,1,0,1,2,0.9684277945198325,1,1,0,0,1071,0
38,2,2,0,0,2638,1,0,1,1,0,0,0.991644867897921,1,1,0,0,343,0
142,19,13,1,1,151,1,1,1,6,1,14,0.6097266221372531,1,1,0,1,612,1
34,7,1,0,0,1450,1,1,1,0,1,0,0.813510557494015,1,1,0,0,1105,0
224,19,8,1,0,90,1,1,8,6,1,9,0.04992832558673932,1,0,1,1,628,1
24,3,3,0,0,3608,1,0,2,1,0,3,0.8006811936705396,1,1,1,0,982,0
242,39,7,1,1,115,0,1,6,3,1,8,0.3049236128087755,0,0,0,0,601,1
178,42,5,0,0,159,1,1,4,2,1,8,0.2784119186699892,0,0,1,1,738,1
56,4,1,0,0,1125,1,1,2,1,0,3,0.7590539942931012,1,1,0,0,1403,0
94,29,5,1,1,163,1,1,7,4,1,6,0.22795587394852662,1,1,0,1,258,1
44,10,1,0,0,605,0,0,1,0,0,1,0.7626153255548053,1,1,1,1,339,0
53,4,2,0,0,737,1,0,2,0,0,1,0.6411395888247219,1,1,1,0,331,0
45,6,2,0,0,4887,0,0,2,1,1,3,0.9307228451124131,1,1,1,0,1262,0
34,8,3,0,0,3904,1,1,0,0,0,4,0.6262723342630468,1,1,0,0,805,0
204,26,12,1,0,85,0,1,10,7,1,6,0.2323187319413903,1,1,1,1,760,1
117,27,11,1,0,27,1,1,10,5,1,8,0.35184059868470485,1,1,0,1,163,1
63,8,3,0,0,2787,0,0,2,1,0,1,0.698124199194392,1,0,1,0,622,0
67,3,3,0,0,1942,1,0,0,0,0,4,0.9098016425421307,1,1,0,0,1254,0
128,18,8,0,1,81,0,1,10,7,1,9,0.28267021347107996,0,0,1,1,227,1
98,31,8,0,1,75,0,1,6,4,1,7,0.036681658903392436,0,0,0,1,243,1
35,7,1,0,0,2086,1,0,1,0,0,4,0.7329790872990554,1,1,1,0,1221,0
217,29,10,0,1,162,0,1,5,6,1,4,0.1933608946092017,0,0,1,1,380,1
29,3,2,0,0,1784,1,0,0,0,0,1,0.7167719884292294,1,1,0,0,1057,0
147,18,8,1,0,168,0,1,6,5,1,9,0.04110729705991272,0,0,1,0,578,1
235,17,10,1,0,165,1,1,11,7,1,5,0.37555798401651,1,0,1,1,407,1
205,25,7,1,1,79,0,0,10,5,0,10,0.16466448574301126,1,0,1,1,150,1
73,6,2,0,0,1601,1,0,1,1,0,0,0.856871764780126,1,1,1,0,1064,0
245,16,5,1,1,105,1,1,10,5,0,9,0.08708995951956089,0,1,1,1,751,1
110,15,5,1,1,30,0,1,7,4,1,3,0.35801354354137477,0,0,0,1,122,1
31,7,3,0,0,3259,1,0,2,1,0,0,0.76279523551605,1,1,1,0,1300,0
45,11,2,0,0,3477,1,1,2,0,0,1,0.9452107792598494,1,1,1,0,717,0
52,8,1,0,0,2995,0,1,1,0,0,1,0.6885639639172759,0,1,0,0,651,0
24,7,2,0,0,3066,1,1,0,1,0,3,0.9286161528786464,0,1,1,0,492,0
150,41,7,0,1,1,0,1,8,3,1,9,0.06884424112911107,1,0,1,1,502,1
67,11,3,0,0,4811,1,0,0,1,0,2,0.8203956977984893,1,1,1,0,1190,0
76,7,2,0,0,2085,1,0,0,1,0,2,0.9599572214531068,1,1,1,0,482,0
36,5,3,0,0,3035,0,0,0,0,0,0,0.6487556848321435,1,1,0,0,350,0
67,6,3,0,0,1817,1,0,1,0,0,4,0.9075471049967891,1,0,0,0,1490,0
65,4,3,0,0,2604,1,1,1,0,0,3,0.81957547140747,0,0,0,0,766,0
59,6,1,0,0,2284,1,0,1,1,0,1,0.6753472928268279,1,1,1,0,820,0
35,3,1,0,0,569,1,1,0,1,0,3,0.7929888091960262,1,1,1,0,514,0
83,44,10,1,1,141,1,1,4,6,1,13,0.34757770091165807,0,0,1,0,457,1
77,2,1,0,0,3329,1,0,1,1,1,2,0.8330895362468996,1,1,1,0,1483,0
244,21,8,0,1,46,0,0,4,5,0,13,0.1638515579580928,0,0,1,1,727,1
22,4,2,0,0,4829,1,0,0,0,1,2,0.8014930981232937,1,1,0,0,378,0
79,7,2,0,0,2632,1,0,0,0,0,4,0.8937620338019945,0,1,0,0,543,0
59,4,3,0,0,2731,1,0,2,1,1,3,0.8253881895251407,1,1,0,0,575,0
137,38,11,1,0,81,0,0,3,4,1,13,0.18175093382398436,1,0,1,0,663,1
231,17,11,0,1,56,1,1,4,2,0,11,0.2297150300360844,0,1,1,1,602,1
45,6,2,0,0,2907,1,0,2,1,0,2,0.8383707248466935,1,1,0,0,914,0
156,43,13,0,1,157,0,1,3,5,1,5,0.3708711277917811,0,0,0,1,347,1
231,23,11,0,1,129,1,1,8,4,0,13,0.16423947889530666,1,1,1,1,170,1
200,16,14,0,1,99,1,1,9,4,1,7,0.014536299326496983,0,1,0,1,150,1
64,4,3,0,0,4347,1,0,2,1,0,2,0.9947186376719587,1,1,0,0,1246,0
38,4,2,0,0,3308,1,0,1,1,0,4,0.853813973346443,1,1,0,0,1202,0
23,7,1,0,1,438,1,0,0,0,0,0,0.6418030250570896,1,1,1,0,814,0
53,2,3,1,0,3622,1,0,0,0,0,4,0.9714088300169719,1,1,1,0,335,0
102,43,11,1,1,110,0,1,10,2,1,5,0.3967239805397454,0,0,1,0,109,1
104,21,8,1,1,176,1,1,4,6,1,3,0.38442812698778206,0,0,0,1,660,1
198,23,9,1,1,107,1,1,11,4,1,12,0.1480209338697021,0,0,1,1,767,1
238,20,11,1,0,21,0,1,9,5,0,13,0.2276920848365792,1,1,1,1,432,1
43,2,2,0,0,2498,1,0,1,0,0,1,0.9984316515627306,1,1,0,0,355,0
220,36,5,1,1,47,1,0,9,3,1,7,0.30592038898371093,0,1,1,1,673,1
60,10,2,0,0,4476,1,1,2,0,0,3,0.6805001458204678,1,1,0,0,1036,0
29,7,2,0,0,1343,1,1,0,1,0,1,0.9588816523727166,1,1,0,0,595,0
54,6,2,0,0,672,1,0,2,0,1,0,0.6784862604681181,1,1,1,0,376,0
195,27,13,1,0,154,0,1,5,3,1,13,0.1292811728083021,0,1,0,1,663,1
44,11,3,0,0,4442,1,0,2,0,1,4,0.9449196867896495,1,1,0,0,966,0
170,33,6,1,1,78,0,1,5,2,1,6,0.18373872317846898,1,1,0,0,152,1
247,26,10,1,1,160,0,1,4,4,1,4,0.1843474941078608,0,0,1,1,412,1
27,4,2,1,0,4094,1,0,2,1,0,3,0.7345642188733077,1,1,0,0,354,0
148,40,8,1,0,75,0,1,9,6,1,7,0.291011692090038,0,0,1,0,120,1
245,22,5,1,0,127,1,0,0,5,1,8,0.6194728149921102,1,1,1,1,257,1
26,7,2,0,0,3022,1,0,2,0,0,3,0.6063573572560014,1,1,0,0,766,0
62,8,1,0,0,4297,1,0,1,0,0,3,0.704963129028298,1,1,0,0,1235,0
51,2,1,0,0,3916,0,0,1,1,0,0,0.9736145962636042,1,1,0,0,351,0
54,3,3,0,0,1161,1,0,0,1,1,2,0.8184098373283001,1,0,0,0,1096,0
70,15,3,0,0,4839,1,1,2,0,0,1,0.8398745256912238,1,0,0,0,415,0
175,15,8,1,1,150,0,1,7,5,1,5,0.23738455308188955,0,1,0,1,241,1
73,5,2,0,0,1044,1,1,1,0,0,1,0.6257620464060173,0,1,1,0,1092,0
87,29,7,1,1,97,1,1,6,2,1,4,0.1476544775236818,0,0,1,1,576,1
203,33,11,1,1,40,1,1,9,2,1,8,0.19987329211316168,0,1,1,1,264,1
223,44,12,1,1,11,0,1,7,6,1,11,0.29166939501977923,0,1,1,1,710,1
53,9,1,0,0,1607,0,0,0,1,0,0,0.9003713574066889,0,1,0,0,1262,0
39,4,1,0,0,3726,1,0,1,1,1,4,0.7032632670633914,0,1,0,0,1495,0
62,10,1,0,0,1991,1,0,1,0,1,4,0.6312438755004625,1,1,1,1,1018,0
32,10,1,0,0,2204,0,1,0,0,1,1,0.6911113366471205,1,1,0,0,673,0
45,2,2,0,0,3790,1,0,2,1,0,1,0.6491502319576611,1,1,1,0,579,0
82,18,5,1,1,89,1,1,3,6,1,13,0.2241595815279771,0,1,0,0,577,1
246,37,13,0,1,146,0,1,3,5,1,10,0.363044401022622,1,0,0,1,202,1
220,43,10,1,0,135,0,0,9,6,1,12,0.11739552928324866,1,0,0,1,670,1
21,9,2,0,0,965,1,0,2,1,0,4,0.7859483720617375,1,1,1,0,1158,0
69,10,3,1,0,975,1,0,2,0,0,2,0.7209306933091574,1,0,0,0,967,0
27,2,1,0,0,2198,1,0,2,0,0,0,0.9799820037328817,1,1,1,0,797,0
57,7,2,0,0,2890,1,0,2,1,0,1,0.9274170319622013,1,1,1,0,808,0
145,34,14,1,0,66,0,1,10,6,1,9,0.021029759124401262,0,0,1,1,156,1
104,15,14,1,0,59,0,1,11,2,1,6,0.1494161185257182,0,0,0,1,661,1
226,32,9,0,0,53,0,0,4,6,0,4,0.3651203201631447,0,0,0,1,189,1
95,38,10,1,1,15,0,1,4,7,1,13,0.2513736189675996,0,0,1,1,734,1
188,26,14,1,1,18,0,0,9,2,1,4,0.1485688007492183,0,1,1,1,217,1
60,3,1,0,0,4739,1,0,0,0,0,1,0.8633316091692591,0,1,0,0,643,0
52,11,2,0,0,4774,1,0,2,1,0,2,0.7361099928936123,1,1,0,0,313,0
180,17,5,1,1,136,1,1,10,2,0,9,0.17217096412839608,0,0,1,1,125,1
38,7,1,1,0,3551,1,1,2,1,0,2,0.9320929458936682,1,1,1,0,614,0
239,20,10,0,0,53,0,1,7,2,1,6,0.17376132760264393,1,0,1,1,476,1
20,8,2,0,0,1750,1,1,1,0,0,4,0.7621615843403696,1,0,0,0,226,0
91,39,5,1,1,77,0,1,8,6,1,4,0.3712207000915393,0,0,1,0,191,1
121,31,11,1,1,152,1,0,8,6,1,9,0.20023172697233252,0,0,0,1,174,1
133,34,6,1,0,173,1,1,10,4,1,8,0.22624141109921736,0,0,0,1,372,1
96,37,11,1,1,79,0,1,10,7,1,4,0.24085825762099244,0,0,1,0,763,1
191,33,11,0,1,67,0,1,3,4,0,13,0.33433037116420644,0,0,1,1,389,1
181,20,9,0,0,91,1,1,6,4,0,7,0.0031857618981804506,1,0,1,0,160,1
98,22,12,1,0,85,1,1,1,2,1,7,0.6229249565358831,0,1,1,1,747,1
244,30,8,1,0,143,0,1,4,4,1,10,0.3874698422297429,0,0,1,0,470,1
140,42,11,1,1,114,0,1,3,2,1,6,0.11784133317618242,0,0,0,1,704,1
67,8,2,1,0,2780,1,1,1,1,0,3,0.7404830273545652,0,1,0,0,362,0
47,7,3,0,0,741,1,1,0,0,1,2,0.971057082203438,1,1,1,0,1330,0
54,4,1,0,0,665,1,0,1,1,1,1,0.7421344597420607,1,1,0,0,1022,0
46,4,1,0,0,4628,1,0,0,1,0,3,0.6803482942766631,1,1,1,0,234,0
45,9,3,0,0,429,1,0,2,1,1,2,0.8098765365677079,1,1,0,0,951,0
168,35,13,0,0,116,0,1,9,7,1,3,0.39220672880044244,0,0,1,1,276,1
46,4,3,0,0,3519,1,1,2,1,1,2,0.6128661081290525,1,1,0,0,1333,0
89,23,5,1,1,137,1,0,0,5,1,12,0.6704700233367668,0,0,1,1,279,1
34,7,3,1,0,556,1,0,0,1,0,1,0.9519192229247678,1,1,0,0,273,0
73,11,1,0,0,3972,0,0,2,0,0,1,0.7010218189634421,1,1,1,0,396,0
29,5,2,0,0,1122,1,0,2,1,1,1,0.7808114293858741,1,0,0,0,407,0
64,9,3,0,0,4152,1,0,1,1,1,2,0.8761510286525693,1,1,0,0,315,0
138,19,7,1,1,112,0,1,4,4,1,4,0.04402531368044609,1,0,0,1,281,1
41,5,1,0,0,2559,1,0,1,1,0,2,0.7096544668767754,1,1,0,1,1457,0
74,7,1,0,0,2107,1,0,2,0,1,3,0.6179637986034926,1,1,0,0,217,0
21,11,1,0,0,3860,1,1,1,0,0,2,0.6206981918676404,0,1,1,0,454,0
61,11,2,0,0,3037,1,0,1,1,0,1,0.7578419806644963,1,1,0,0,890,0
31,2,1,0,0,1719,0,0,0,0,1,3,0.6440232801750486,1,1,0,0,500,0
23,3,2,0,0,3059,1,1,2,0,0,1,0.7007413449382836,1,1,1,0,289,0
71,6,1,0,0,827,1,1,1,1,0,3,0.7244181279005222,1,1,0,0,635,0
72,10,2,1,0,1302,1,0,2,1,0,1,0.8759365133743857,1,0,0,0,289,0
167,35,14,0,1,112,0,1,10,7,1,3,0.26894474317287775,0,0,0,1,382,1
79,5,2,0,0,2787,1,0,0,1,0,3,0.9906028761202503,1,1,1,1,252,0
74,9,2,0,0,4952,1,0,2,1,1,4,0.7817689276638164,1,1,0,0,1294,0
105,37,13,0,0,38,1,1,9,7,0,12,0.3280270008222598,0,0,1,0,468,1
68,4,1,1,0,477,1,0,2,1,0,0,0.9209673148714813,1,1,0,0,1422,0
220,44,6,0,1,2,0,1,7,2,1,13,0.2035767124037145,0,1,1,1,703,1
203,16,5,1,0,17,0,1,8,6,1,14,0.37763791437214583,0,0,0,0,213,1
191,42,6,1,0,179,1,1,0,2,0,10,0.5354472395544707,0,0,0,1,331,1
39,8,3,0,0,3723,1,0,0,0,1,4,0.8227193537492686,1,1,1,0,873,0
173,32,9,1,0,80,0,1,11,5,1,7,0.020097203929192856,0,0,1,1,100,1
68,11,2,0,0,2218,1,0,2,1,0,2,0.6087814007508082,1,1,0,0,727,0
51,8,3,0,0,552,1,0,1,1,0,2,0.6462700894592466,1,1,1,0,1316,0
67,5,1,0,0,1281,1,0,0,0,0,3,0.7871941464415768,1,1,0,0,1141,0
105,26,12,0,1,176,0,1,3,4,1,13,0.2804576879866614,0,1,1,1,787,1
37,9,2,0,0,4133,1,0,1,0,0,2,0.9555551758625931,1,0,1,0,578,0
36,8,1,0,0,3181,1,0,2,1,0,2,0.6593206939230988,1,1,0,0,1491,0
123,17,6,0,0,139,1,0,11,4,0,3,0.24430829227401546,0,0,1,1,580,1
24,8,3,0,0,4738,1,0,1,0,0,1,0.8618528103668381,0,1,0,0,1338,0
37,10,3,0,0,628,1,0,2,1,0,3,0.809875364837391,1,1,0,0,443,0
101,32,8,1,1,50,0,1,5,7,1,7,0.0352537723906766,1,1,0,1,477,1
67,8,2,0,0,2459,1,0,0,0,0,0,0.6074282875060395,1,1,1,0,796,0
245,34,6,1,1,157,1,1,6,3,1,13,0.028220025483957835,1,1,1,1,478,1
43,3,1,0,0,2304,1,0,0,1,0,2,0.6859037599849889,1,1,1,0,600,0
30,4,2,0,0,512,1,0,1,1,0,1,0.6486203042923642,1,1,0,0,504,0
115,34,10,1,1,168,1,0,8,7,1,11,0.13984575952308886,0,0,0,1,319,1
233,25,12,0,1,11,0,1,8,3,1,4,0.23014366925163943,0,0,1,0,543,1
60,2,1,0,0,610,1,0,1,1,0,1,0.9547948278093279,1,1,0,0,557,0
69,8,1,1,0,1459,1,1,0,1,0,4,0.6617972944824152,1,1,0,0,673,0
66,2,1,0,0,4621,1,1,2,0,0,0,0.8708509954295607,1,1,1,0,1339,0
198,36,11,0,0,75,1,1,3,4,1,6,0.34656927341588006,0,0,0,1,691,1
199,41,10,1,1,146,0,1,6,5,1,13,0.11577454721200878,0,1,0,1,623,1
248,24,12,1,0,3,0,0,5,3,1,9,0.34127032490312015,0,0,0,1,285,1
129,20,12,0,0,83,1,1,1,5,1,10,0.6522895164254242,0,0,0,1,639,1
49,7,1,0,0,2734,1,0,1,1,1,4,0.7467473577144917,1,1,0,0,438,0
71,9,3,0,0,3563,1,1,2,0,0,2,0.6774533701520855,1,1,1,0,575,0
138,26,5,1,0,28,0,0,6,2,0,13,0.38225578468936866,1,1,1,0,328,1
82,18,13,1,1,34,0,1,10,6,1,13,0.2577940246082376,0,0,1,1,688,1
35,3,3,0,0,1126,1,0,2,1,1,3,0.612388241369004,1,0,0,0,1186,0
47,4,3,0,0,3218,1,0,2,1,0,2,0.8477405223745196,1,0,1,1,1300,0
69,2,1,0,0,1654,0,0,1,1,0,2,0.894378880689289,1,1,0,0,1472,0
26,7,2,0,0,1434,1,0,2,1,1,1,0.9043230165724309,1,1,0,0,1143,0
71,5,3,1,0,3574,1,0,2,1,1,4,0.9469692487338914,0,1,0,0,837,0
76,11,2,0,0,1463,1,0,1,0,1,1,0.8906343063305813,1,1,0,0,1427,0
34,5,3,0,0,4558,1,1,2,0,1,1,0.6859968894353565,0,1,1,0,444,0
37,10,3,0,0,4836,1,0,2,1,0,3,0.9282701533604282,1,1,1,0,1250,0
26,3,1,0,0,1368,0,0,1,1,0,1,0.7151914431730002,1,1,0,0,1155,0
38,4,2,0,0,463,0,1,1,1,0,1,0.7307281225006929,1,1,1,0,785,0
26,3,1,0,0,1352,1,0,2,1,1,3,0.8018957901521406,1,1,0,0,1395,0
47,2,2,0,1,4751,0,1,1,1,0,4,0.679189302213987,1,1,1,0,1058,0
47,9,3,0,0,984,0,0,1,0,1,4,0.6427541181956242,1,1,1,0,1478,0
73,5,1,0,0,4140,1,1,2,1,0,1,0.6259088798100807,1,1,0,0,964,0
103,34,9,1,0,19,0,1,5,2,1,7,0.15820606793960612,0,0,1,1,470,1
241,37,8,0,1,21,0,1,3,2,1,8,0.35909742660389016,1,0,1,1,786,1
24,11,2,0,0,894,1,1,1,0,1,1,0.9651355432775901,0,1,0,0,666,0
171,33,8,1,1,72,0,0,3,2,1,10,0.024983037447628576,1,0,1,1,386,1
24,4,1,0,0,1167,1,1,1,1,0,3,0.7651357591035626,1,1,1,0,1351,0
82,41,6,1,1,132,0,1,3,6,1,4,0.32201786700774476,1,0,1,1,434,1
71,9,1,0,0,4615,1,0,0,0,0,0,0.9476486457124138,1,1,1,0,386,0
107,22,10,0,1,12,0,0,7,5,0,12,0.005877355461981537,0,0,0,0,237,1
47,11,2,0,0,3513,1,1,1,0,1,2,0.8630273223138449,1,1,0,0,1470,0
46,2,1,0,0,1002,0,0,0,0,0,2,0.8309597068532364,1,0,1,0,598,0
32,9,1,0,0,2201,1,1,1,1,0,2,0.8918039999835068,1,1,0,0,1070,0
69,5,1,0,0,3385,1,0,1,0,1,4,0.7618065612460527,1,1,0,0,583,0
76,10,1,0,0,1559,1,0,0,0,0,1,0.8922240323589861,1,1,1,0,1369,0
68,5,3,0,0,4646,1,0,0,0,0,2,0.6014146494812899,1,1,0,0,1034,0
212,16,9,0,1,42,1,1,4,5,1,7,0.07831119427341844,0,0,1,0,150,1
76,6,2,0,0,4093,1,0,1,1,0,2,0.8431830810734438,1,1,0,0,1269,0
97,35,7,1,1,39,0,1,3,4,1,7,0.03949488275306634,0,0,0,1,296,1
51,9,2,0,0,2486,1,0,0,1,0,0,0.7436773609556726,1,0,0,0,761,0
49,4,3,0,0,1864,1,0,1,0,0,3,0.923186275704303,1,1,0,0,609,0
38,6,3,0,0,1306,1,0,2,1,0,3,0.6153702582556234,1,1,0,0,413,0
244,20,11,1,0,119,0,1,4,7,1,12,0.15797807440858486,0,1,1,1,364,1
74,6,3,0,0,2708,1,0,1,1,0,2,0.6252642112656557,1,1,0,0,1223,0
41,3,1,0,0,4946,1,0,0,1,1,1,0.8601293292469622,1,1,0,0,1263,0
107,25,11,0,0,146,1,1,0,4,1,3,0.6829630298382455,0,0,1,0,453,1
200,33,7,0,0,96,0,1,3,4,0,8,0.2108030498326135,0,0,0,1,506,1
22,6,3,1,0,2018,1,0,0,0,0,3,0.8421601487813377,1,1,0,0,1370,0
137,23,7,1,0,24,1,0,5,4,0,6,0.21995076846248418,0,0,1,0,493,1
64,11,2,0,0,3262,1,1,2,1,0,3,0.6105027275239624,1,1,0,1,1139,0
74,11,2,0,0,3293,1,1,1,0,0,0,0.6853791525304169,1,1,1,0,933,0
92,31,7,0,0,157,0,1,5,7,0,10,0.24949723394560364,1,0,1,1,454,1
203,27,13,0,0,88,1,1,10,4,0,10,0.29160286721639495,1,0,0,0,234,1
76,11,1,0,0,1066,1,1,2,1,1,0,0.6905217144604938,0,1,0,0,1194,0
35,10,3,0,0,4154,0,0,2,1,0,3,0.7392120610833012,1,1,1,0,646,0
42,7,1,0,0,3275,1,1,1,1,0,3,0.8719216283836527,1,1,0,0,651,0
45,10,3,0,0,1503,1,1,2,1,0,0,0.6190332770184449,1,1,1,0,657,0
71,7,2,0,0,1478,1,1,2,1,0,3,0.7340439440147776,1,1,0,1,349,0
28,5,3,0,0,771,1,1,2,0,0,3,0.603815581610218,1,1,1,0,364,0
36,11,2,0,0,4461,1,0,1,0,1,1,0.6043854612526173,1,1,1,0,955,0
59,2,3,1,0,1532,1,1,2,1,0,2,0.7928374075178857,1,1,0,0,1186,0
126,41,11,1,1,136,1,1,0,3,1,12,0.5992065779882829,0,0,1,0,630,1
62,4,2,0,0,2269,1,0,0,0,1,3,0.8941656102028013,1,1,0,0,1469,0
45,5,2,0,0,765,0,0,0,0,0,3,0.8120990105464971,1,1,1,0,996,0
68,10,3,0,0,861,1,0,0,0,1,0,0.6335591842515637,0,1,0,0,1064,0
121,26,12,1,1,112,0,1,4,5,1,5,0.20908378162704044,0,0,0,1,543,1
42,9,2,0,0,1011,0,0,0,1,0,2,0.8574304890959281,1,1,1,0,1274,0
93,33,10,1,1,152,0,1,4,7,0,10,0.24969519836559684,0,1,1,1,547,1
114,43,10,1,1,46,1,0,4,4,0,9,0.16450204663414764,1,0,1,1,381,1
76,7,2,0,0,4138,1,0,0,1,0,0,0.845973671166859,1,1,0,0,1027,0
36,7,2,0,0,2660,1,0,0,1,0,2,0.6396225736863952,1,0,0,0,1329,0
213,25,13,1,1,96,1,1,10,4,1,12,0.09935344349728302,1,0,1,1,648,1
240,42,5,0,0,159,1,0,6,7,1,8,0.3427495744300377,0,1,0,1,208,1
136,21,9,1,0,121,0,1,4,5,1,12,0.24728722532650443,0,0,1,0,733,1
69,5,2,0,0,4431,1,0,2,0,0,0,0.6508816477351124,1,1,0,0,655,0
168,23,9,1,0,149,1,1,4,2,1,3,0.060819426969796725,0,0,0,1,208,1
174,23,9,1,1,45,0,0,7,4,1,4,0.17035726201467272,1,0,1,0,121,1
58,8,2,1,0,1972,1,1,2,1,0,4,0.837987342936588,1,1,1,0,1196,0
239,33,6,0,1,30,1,0,5,3,1,11,0.012605217232884637,0,0,1,1,248,1
118,24,14,1,0,87,0,1,6,2,1,12,0.3731011756241253,0,0,1,1,178,1
112,19,14,0,0,77,0,1,3,7,1,14,0.10079928865762869,1,0,1,1,547,1
79,8,2,0,0,1807,1,0,0,0,0,3,0.8720571371646708,0,1,0,0,904,0
218,26,7,0,0,155,1,1,5,7,1,6,0.12047023479894353,0,0,0,1,620,1
26,5,1,0,0,1057,1,1,2,0,1,1,0.8464869585176557,1,1,0,0,1175,0
223,32,11,1,0,41,1,1,10,4,1,4,0.2283966285303914,0,0,1,1,691,1
247,38,11,0,1,0,1,1,5,5,1,8,0.14415112797213903,0,1,1,1,559,1
188,25,6,1,1,72,0,1,11,6,1,12,0.18387260510445247,0,0,0,1,201,1
123,24,12,1,0,27,0,1,6,2,1,12,0.2654937442775754,0,0,1,0,578,1
41,9,3,0,0,4012,1,0,2,0,0,2,0.6259336875144764,1,1,1,0,826,0
149,29,6,1,1,142,1,1,10,7,1,12,0.3918203361527028,0,1,0,1,470,1
76,10,1,0,0,1590,1,1,0,1,0,4,0.739596043205663,1,1,1,1,1200,0
52,9,3,0,0,3304,1,1,0,1,0,1,0.7511187295637646,1,1,0,0,679,0
64,4,3,0,0,1522,1,0,2,1,1,1,0.8442993979817238,1,1,0,0,1068,0
52,15,3,0,0,1882,1,0,3,1,1,0,0.757177775749344,1,1,0,0,1051,0
104,32,13,1,1,108,1,0,9,2,0,7,0.18928404723253336,0,0,1,0,597,1
38,3,3,0,0,1295,0,0,2,1,0,0,0.6746255438538639,1,1,0,0,1165,0
207,22,11,1,0,175,0,1,9,7,1,8,0.39155714331000363,0,1,1,1,708,1
208,42,12,1,0,97,0,1,3,4,1,10,0.13032924702577994,1,0,1,0,616,1
82,29,11,1,1,17,0,1,11,6,0,9,0.12883166623327133,0,0,0,1,311,1
249,43,10,1,1,81,0,1,10,6,1,14,0.346676539359758,1,0,1,1,402,1
144,35,14,0,1,43,0,1,10,3,1,14,0.3254841083029232,0,0,1,0,184,1
228,19,10,1,1,50,0,1,10,3,1,9,0.18468645752524765,1,0,1,1,692,1
72,11,1,0,0,3973,1,0,1,1,0,3,0.7871479654535727,1,1,0,0,1469,0
183,27,10,0,1,124,0,0,6,5,1,13,0.32266602121072663,1,1,0,0,352,1
31,3,1,0,0,1116,1,0,0,0,1,4,0.6601794203092864,1,1,1,0,1217,0
132,23,14,1,0,168,0,1,8,3,1,13,0.2950004992438994,0,0,1,0,763,1
24,9,2,0,0,368,1,0,0,0,0,4,0.7622084620814144,1,1,1,1,433,0
240,27,12,1,1,176,1,1,8,2,1,12,0.19496252124032304,1,0,1,0,585,1
40,6,2,0,0,1504,1,1,1,0,0,2,0.8366632262094682,1,1,0,0,214,0
39,3,2,0,0,2977,1,0,2,1,0,0,0.9337111596221823,1,1,0,0,1067,0
52,2,1,0,0,2364,1,1,1,1,1,0,0.6763017318973056,1,1,1,0,1154,0
183,21,5,1,1,171,0,1,7,2,0,6,0.2311311886045743,0,0,1,1,102,1
50,11,3,0,0,1534,1,0,0,1,1,1,0.9442607549550468,1,1,1,0,350,0
90,35,9,1,0,125,1,1,4,7,1,3,0.003874753096387096,1,1,1,1,590,1
42,11,3,0,0,916,1,0,1,0,0,3,0.939029611916105,1,1,1,0,209,0
218,25,10,1,1,55,1,0,4,5,1,12,0.12828486599371755,1,0,0,1,597,1
157,42,14,0,1,75,0,1,5,3,1,10,0.18243981066503667,0,0,1,0,222,1
69,9,2,0,0,3329,1,0,1,0,1,1,0.7235460804048631,1,1,1,0,1145,0
45,7,3,0,0,621,1,0,1,0,0,3,0.8084384718320502,1,1,1,0,1172,0
63,7,2,0,0,2307,0,0,1,1,1,1,0.9895207413131996,0,1,1,0,622,0
200,27,13,1,0,115,1,1,3,7,1,14,0.3738919661953204,0,0,1,1,637,1
158,42,6,1,0,138,0,1,8,6,1,10,0.370844251543371,0,1,1,1,484,1
150,44,11,0,0,36,1,0,10,6,1,11,0.3064463731182345,1,0,0,1,483,1
47,6,1,0,0,3310,1,0,2,0,0,1,0.7136416596909732,1,1,0,0,1040,0
46,7,3,0,0,2621,1,1,0,0,0,2,0.757292279189151,1,1,0,0,1467,0
240,29,8,1,0,32,1,1,7,3,1,12,0.2740024346652715,1,0,0,1,491,1
69,8,3,0,0,4272,1,0,1,0,0,0,0.6009818345775376,1,1,1,0,711,0
211,16,9,0,0,121,1,1,8,3,1,10,0.3347711331378495,1,0,0,1,161,1
63,6,1,0,0,3470,1,1,1,1,0,3,0.9850962344227379,0,1,0,0,218,0
44,11,1,0,0,4990,1,1,1,0,0,1,0.9035727794458726,1,1,0,0,299,0
164,16,13,1,0,179,0,1,4,7,1,13,0.22983495292710665,0,0,1,1,777,1
32,2,1,0,0,2428,1,0,1,1,0,3,0.6398655688307103,1,1,1,0,430,0
185,36,7,0,0,10,1,1,6,7,1,14,0.23525042618714195,0,0,1,0,463,1
101,43,13,0,1,169,0,1,5,5,1,11,0.01858016508799909,0,0,0,1,415,1
43,11,2,0,0,4264,1,1,2,0,0,3,0.8629976237025003,1,1,0,0,505,0
68,7,1,0,0,566,1,0,2,1,0,0,0.8117931529517576,1,1,0,0,529,0
66,5,3,0,0,2114,1,1,2,1,0,2,0.7541684398919515,1,1,0,0,895,0
100,32,6,1,1,31,1,1,8,2,0,8,0.29966465564051326,0,0,1,0,409,1
230,27,5,1,1,133,1,1,8,2,1,13,0.29296554592506746,1,0,1,1,773,1
244,24,14,1,0,109,0,1,6,7,1,10,0.24725129618315833,0,0,1,1,217,1
73,3,1,0,0,425,1,0,1,0,0,1,0.7460205110167222,1,0,1,0,788,0
37,11,3,0,0,1637,1,0,0,1,0,2,0.6225933696013928,1,1,0,0,327,0
141,22,5,1,1,81,0,1,10,5,1,11,0.07115191818425144,1,0,0,1,300,1
235,35,10,1,1,146,0,1,6,2,1,4,0.028040592106976805,1,0,1,1,408,1
178,19,5,0,1,170,0,1,11,2,1,6,0.3502740510344424,0,0,0,1,489,1
87,32,9,0,1,95,0,1,4,2,1,12,0.14971870685591707,0,0,1,1,687,1
188,16,9,1,1,114,0,1,11,2,1,5,0.37934782111556764,0,0,1,1,116,1
69,8,2,0,0,4927,1,1,2,1,1,0,0.7783006483277815,1,1,0,0,348,0
73,6,3,0,0,521,1,1,0,1,0,4,0.9667226312299105,1,1,1,0,1190,0
150,44,13,1,1,118,0,1,5,7,1,8,0.33752514546332246,0,0,0,1,678,1
63,4,2,0,0,4843,1,1,2,0,0,0,0.9292382321182535,1,1,1,0,332,0
152,41,6,1,0,29,1,1,9,3,1,10,0.11854304540531535,1,1,1,0,797,1
154,31,12,1,1,111,0,1,4,7,1,8,0.17936965719449893,1,0,0,1,603,1
147,43,14,1,1,29,0,1,3,6,1,4,0.2666926119430359,0,0,0,0,186,1
67,7,1,0,0,2338,1,0,1,0,0,3,0.6057107926743329,1,1,0,0,576,0
227,39,6,0,1,165,0,1,3,2,1,4,0.23337048605763644,0,1,1,0,733,1
211,44,10,1,1,35,1,1,9,6,0,12,0.39509981563967544,0,0,1,1,118,1
167,32,12,0,0,120,0,1,11,2,0,11,0.337084760864222,0,1,1,1,276,1
32,3,2,0,0,873,1,0,1,0,0,4,0.9844415499882146,1,1,0,0,436,0
28,7,3,0,0,690,1,1,2,0,0,3,0.9218948259067762,1,1,1,0,1100,0
69,9,1,0,0,2707,1,0,0,1,0,2,0.9605599764916932,1,1,1,0,759,0
65,11,2,0,0,1323,1,1,2,1,0,3,0.8226495672959744,1,1,1,0,1297,0
108,21,8,0,1,45,1,1,9,7,0,9,0.22280272252525146,1,1,0,1,328,1
51,7,2,0,0,699,1,0,0,0,0,2,0.6042429693481277,1,1,0,0,938,0
67,11,2,0,0,861,1,1,1,1,1,4,0.7382921008771992,1,0,1,0,454,0
29,6,1,0,0,2767,1,0,2,0,0,2,0.8564477860207917,1,1,0,0,1494,0
96,31,10,0,0,80,0,1,5,7,0,10,0.3233622955574764,1,0,1,1,774,1
71,10,3,0,0,2433,1,0,0,1,1,3,0.7454232621393191,1,1,1,0,1197,0
37,3,2,0,0,2713,1,1,1,1,1,0,0.7360900966089567,1,1,1,0,500,0
46,7,2,0,0,737,1,1,0,1,0,3,0.6967710912476947,1,0,1,0,985,0
51,10,2,0,0,975,1,0,2,0,1,4,0.7770037925316916,1,1,0,0,669,0
225,31,7,1,0,77,1,1,9,5,1,5,0.2824772731853435,0,0,1,1,435,1
50,5,3,0,0,4109,1,0,2,1,0,2,0.6855691481998871,1,1,1,0,1408,0
36,9,2,0,0,2720,1,1,1,1,0,3,0.7427554649121605,1,1,0,0,1292,0
235,33,11,1,0,68,1,1,9,7,1,9,0.22779295525463672,1,0,0,1,736,1
72,6,3,0,0,838,0,0,0,0,0,4,0.9331100124909396,1,1,0,0,1058,0
25,3,3,0,0,1323,1,1,2,1,0,3,0.6211026459328363,1,1,1,0,261,0
216,16,9,0,1,85,1,0,10,4,1,3,0.19391134686013847,0,1,1,1,300,1
219,37,7,1,0,28,0,1,11,7,1,6,0.26696621221353245,0,1,1,1,532,1
48,4,2,0,1,2500,1,0,0,1,0,4,0.8421374511776922,0,0,1,0,1212,0
78,6,2,0,0,4217,1,1,2,0,0,1,0.73859802527073,1,1,0,0,1174,0
21,3,1,0,0,4230,1,1,1,1,0,4,0.6770119661752558,1,1,0,0,380,0
127,24,8,1,1,58,0,1,10,7,0,14,0.17044849518089233,1,1,0,0,619,1
148,36,11,0,1,178,1,0,7,2,1,6,0.07013210795573542,0,1,1,1,353,1
171,31,6,1,0,41,0,1,3,4,1,9,0.33317495692746446,1,1,1,1,507,1
125,38,6,1,0,102,0,1,11,4,1,12,0.30147220621719617,1,1,0,1,766,1
193,36,10,1,1,41,1,1,4,2,1,10,0.21143124388887885,1,1,0,1,587,1
164,37,11,1,0,118,0,0,8,6,1,12,0.11334562755644728,1,0,0,1,222,1
31,3,3,0,0,3698,1,0,2,1,0,0,0.9553405508190167,1,1,0,0,1108,0
95,37,7,1,0,71,0,1,7,4,0,14,0.24851697961984406,0,1,1,0,158,1
221,43,8,1,1,76,1,1,3,3,1,8,0.22910900389484362,0,1,1,1,301,1
28,7,1,0,0,1087,1,0,0,1,0,3,0.66594269637862,1,1,0,0,528,0
220,37,7,1,0,79,1,0,4,2,0,9,0.250925654804105,0,1,1,1,504,1
107,22,12,1,0,119,1,1,0,2,0,4,0.5018950262523393,0,0,1,1,516,1
241,21,8,0,1,136,1,1,5,4,1,14,0.2760492470728032,1,0,1,0,249,1
28,4,3,0,0,574,1,0,1,1,0,2,0.6983591734105924,1,1,1,0,1263,0
157,43,14,1,1,156,0,1,9,4,1,4,0.3696291955382733,1,0,1,1,109,1
40,6,1,0,0,4465,1,1,0,1,1,1,0.898201234141109,1,1,0,0,243,0
96,16,10,0,1,73,0,1,11,3,0,5,0.26038938686038166,0,0,1,1,749,1
64,3,2,0,0,4367,1,0,1,1,0,4,0.7294437877736283,1,1,1,0,535,0
29,2,1,0,0,3428,1,0,2,0,1,0,0.6720984149244572,0,1,0,0,1121,0
179,42,11,1,0,163,0,1,7,2,1,4,0.18915678625327287,0,0,0,0,554,1
104,33,9,1,0,154,0,1,5,3,0,9,0.2985679320039396,0,1,0,1,746,1
139,43,12,1,1,69,1,1,4,4,1,3,0.30938925027464026,0,1,1,0,729,1
127,27,12,1,1,26,0,1,6,4,1,13,0.21630300075494258,1,0,1,1,724,1
180,33,14,0,0,142,0,1,5,3,1,6,0.36740864110820715,0,0,1,0,200,1
245,17,5,1,1,148,1,1,6,7,0,7,0.3259758914162157,1,1,0,0,439,1
238,25,8,1,1,126,0,0,5,2,1,7,0.2826570086995736,1,0,0,1,435,1
135,33,9,0,0,131,1,1,5,3,1,7,0.0007519534099642566,0,0,0,0,119,1
52,9,2,0,0,644,1,1,2,1,1,4,0.7601422377079834,1,1,1,0,625,0
142,33,14,0,0,116,0,1,7,2,0,3,0.17694089189244178,0,0,0,1,371,1
25,6,3,0,0,1872,1,1,2,0,0,2,0.9562982367398886,1,1,0,0,390,0
119,39,9,1,0,123,0,1,7,3,1,7,0.08807328077992455,0,0,1,1,323,1
161,27,7,1,1,133,0,1,11,6,0,13,0.2779804355609847,0,1,1,1,352,1
232,36,7,0,0,34,1,1,6,6,1,10,0.39432212834008235,0,0,1,1,605,1
55,3,2,0,0,2204,1,1,2,1,0,2,0.6949256643579006,1,1,0,0,444,0
224,33,7,0,0,74,1,1,9,3,1,11,0.38310666327048903,0,0,0,1,243,1
87,20,12,1,1,124,0,0,4,5,1,3,0.3981921962817028,0,0,1,0,552,1
